x,pdf_class,pdf_function,moment,class_value,function_value,class_samples,function_samples,mixture_type
-4,0.000226247,0.000226247,,,,,trivial
-3.92,0.000263083,0.000263083,,,,,trivial
-3.84,0.000305985,0.000305985,,,,,trivial
-3.76,0.000356051,0.000356051,,,,,trivial
-3.68,0.000414611,0.000414611,,,,,trivial
-3.6,0.000483284,0.000483284,,,,,trivial
-3.52,0.000564051,0.000564051,,,,,trivial
-3.44,0.000659335,0.000659335,,,,,trivial
-3.36,0.000772114,0.000772114,,,,,trivial
-3.28,0.000906043,0.000906043,,,,,trivial
-3.2,0.00106561,0.00106561,,,,,trivial
-3.12,0.00125634,0.00125634,,,,,trivial
-3.04,0.00148498,0.00148498,,,,,trivial
-2.96,0.00175979,0.00175979,,,,,trivial
-2.88,0.00209088,0.00209088,,,,,trivial
-2.8,0.00249047,0.00249047,,,,,trivial
-2.72,0.00297343,0.00297343,,,,,trivial
-2.64,0.00355763,0.00355763,,,,,trivial
-2.56,0.00426453,0.00426453,,,,,trivial
-2.48,0.00511971,0.00511971,,,,,trivial
-2.4,0.00615354,0.00615354,,,,,trivial
-2.32,0.00740178,0.00740178,,,,,trivial
-2.24,0.00890633,0.00890633,,,,,trivial
-2.16,0.0107158,0.0107158,,,,,trivial
-2.08,0.0128864,0.0128864,,,,,trivial
-2,0.0154822,0.0154822,,,,,trivial
-1.92,0.0185757,0.0185757,,,,,trivial
-1.84,0.0222483,0.0222483,,,,,trivial
-1.76,0.0265896,0.0265896,,,,,trivial
-1.68,0.0316975,0.0316975,,,,,trivial
-1.6,0.0376767,0.0376767,,,,,trivial
-1.52,0.0446369,0.0446369,,,,,trivial
-1.44,0.0526897,0.0526897,,,,,trivial
-1.36,0.0619445,0.0619445,,,,,trivial
-1.28,0.0725031,0.0725031,,,,,trivial
-1.2,0.0844517,0.0844517,,,,,trivial
-1.12,0.0978519,0.0978519,,,,,trivial
-1.04,0.11273,0.11273,,,,,trivial
-0.96,0.129062,0.129062,,,,,trivial
-0.88,0.146764,0.146764,,,,,trivial
-0.8,0.165672,0.165672,,,,,trivial
-0.72,0.185536,0.185536,,,,,trivial
-0.64,0.206006,0.206006,,,,,trivial
-0.56,0.226634,0.226634,,,,,trivial
-0.48,0.246883,0.246883,,,,,trivial
-0.4,0.266142,0.266142,,,,,trivial
-0.32,0.283762,0.283762,,,,,trivial
-0.24,0.299105,0.299105,,,,,trivial
-0.16,0.311588,0.311588,,,,,trivial
-0.08,0.320746,0.320746,,,,,trivial
2.47025e-15,0.326276,0.326276,,,,,trivial
0.08,0.328068,0.328068,,,,,trivial
0.16,0.32622,0.32622,,,,,trivial
0.24,0.321024,0.321024,,,,,trivial
0.32,0.312933,0.312933,,,,,trivial
0.4,0.302513,0.302513,,,,,trivial
0.48,0.29039,0.29039,,,,,trivial
0.56,0.277194,0.277194,,,,,trivial
0.64,0.263515,0.263515,,,,,trivial
0.72,0.249869,0.249869,,,,,trivial
0.8,0.236681,0.236681,,,,,trivial
0.88,0.224271,0.224271,,,,,trivial
0.96,0.212862,0.212862,,,,,trivial
1.04,0.202585,0.202585,,,,,trivial
1.12,0.193493,0.193493,,,,,trivial
1.2,0.185575,0.185575,,,,,trivial
1.28,0.17877,0.17877,,,,,trivial
1.36,0.172983,0.172983,,,,,trivial
1.44,0.168094,0.168094,,,,,trivial
1.52,0.163969,0.163969,,,,,trivial
1.6,0.16047,0.16047,,,,,trivial
1.68,0.15746,0.15746,,,,,trivial
1.76,0.154808,0.154808,,,,,trivial
1.84,0.152392,0.152392,,,,,trivial
1.92,0.150105,0.150105,,,,,trivial
2,0.14785,0.14785,,,,,trivial
2.08,0.14555,0.14555,,,,,trivial
2.16,0.143137,0.143137,,,,,trivial
2.24,0.140563,0.140563,,,,,trivial
2.32,0.137792,0.137792,,,,,trivial
2.4,0.134799,0.134799,,,,,trivial
2.48,0.131574,0.131574,,,,,trivial
2.56,0.128115,0.128115,,,,,trivial
2.64,0.12443,0.12443,,,,,trivial
2.72,0.120535,0.120535,,,,,trivial
2.8,0.116449,0.116449,,,,,trivial
2.88,0.112199,0.112199,,,,,trivial
2.96,0.107812,0.107812,,,,,trivial
3.04,0.10332,0.10332,,,,,trivial
3.12,0.0987525,0.0987525,,,,,trivial
3.2,0.0941412,0.0941412,,,,,trivial
3.28,0.0895161,0.0895161,,,,,trivial
3.36,0.0849058,0.0849058,,,,,trivial
3.44,0.0803369,0.0803369,,,,,trivial
3.52,0.0758337,0.0758337,,,,,trivial
3.6,0.0714179,0.0714179,,,,,trivial
3.68,0.0671087,0.0671087,,,,,trivial
3.76,0.0629225,0.0629225,,,,,trivial
3.84,0.0588729,0.0588729,,,,,trivial
3.92,0.0549711,0.0549711,,,,,trivial
4,0.0512259,0.0512259,,,,,trivial
4.08,0.0476436,0.0476436,,,,,trivial
4.16,0.0442286,0.0442286,,,,,trivial
4.24,0.0409834,0.0409834,,,,,trivial
4.32,0.0379087,0.0379087,,,,,trivial
4.4,0.0350039,0.0350039,,,,,trivial
4.48,0.0322669,0.0322669,,,,,trivial
4.56,0.0296947,0.0296947,,,,,trivial
4.64,0.0272833,0.0272833,,,,,trivial
4.72,0.0250279,0.0250279,,,,,trivial
4.8,0.0229232,0.0229232,,,,,trivial
4.88,0.0209634,0.0209634,,,,,trivial
4.96,0.0191423,0.0191423,,,,,trivial
5.04,0.0174535,0.0174535,,,,,trivial
5.12,0.0158904,0.0158904,,,,,trivial
5.2,0.0144464,0.0144464,,,,,trivial
5.28,0.0131148,0.0131148,,,,,trivial
5.36,0.0118892,0.0118892,,,,,trivial
5.44,0.010763,0.010763,,,,,trivial
5.52,0.00972999,0.00972999,,,,,trivial
5.6,0.00878397,0.00878397,,,,,trivial
5.68,0.00791907,0.00791907,,,,,trivial
5.76,0.0071296,0.0071296,,,,,trivial
5.84,0.00641013,0.00641013,,,,,trivial
5.92,0.00575548,0.00575548,,,,,trivial
6,0.00516074,0.00516074,,,,,trivial
6.08,0.00462124,0.00462124,,,,,trivial
6.16,0.00413259,0.00413259,,,,,trivial
6.24,0.00369068,0.00369068,,,,,trivial
6.32,0.00329162,0.00329162,,,,,trivial
6.4,0.0029318,0.0029318,,,,,trivial
6.48,0.00260782,0.00260782,,,,,trivial
6.56,0.00231656,0.00231656,,,,,trivial
6.64,0.00205508,0.00205508,,,,,trivial
6.72,0.00182068,0.00182068,,,,,trivial
6.8,0.00161087,0.00161087,,,,,trivial
6.88,0.00142333,0.00142333,,,,,trivial
6.96,0.00125594,0.00125594,,,,,trivial
7.04,0.00110676,0.00110676,,,,,trivial
7.12,0.000973985,0.000973985,,,,,trivial
7.2,0.000855989,0.000855989,,,,,trivial
7.28,0.000751276,0.000751276,,,,,trivial
7.36,0.000658484,0.000658484,,,,,trivial
7.44,0.000576374,0.000576374,,,,,trivial
7.52,0.00050382,0.00050382,,,,,trivial
7.6,0.000439802,0.000439802,,,,,trivial
7.68,0.000383398,0.000383398,,,,,trivial
7.76,0.000333772,0.000333772,,,,,trivial
7.84,0.000290174,0.000290174,,,,,trivial
7.92,0.000251925,0.000251925,,,,,trivial
,,,Среднее,1,1,,,moments
,,,Дисперсия,2.49,2.49,,,moments
,,,Асимметрия,0.68259,0.68259,,,moments
,,,Эксцесс,0.261373,0.261373,,,moments
,,,,,,0.917029,0.209171,samples
,,,,,,3.47752,-0.111406,samples
,,,,,,-0.541485,0.416585,samples
,,,,,,-0.777768,2.2848,samples
,,,,,,1.17003,-0.828988,samples
,,,,,,2.38514,-0.430783,samples
,,,,,,1.66567,1.02504,samples
,,,,,,0.73876,4.12577,samples
,,,,,,2.78823,-0.241926,samples
,,,,,,-1.38888,-0.628633,samples
,,,,,,-0.414985,2.06508,samples
,,,,,,4.21076,1.40442,samples
,,,,,,1.18447,3.11189,samples
,,,,,,0.192572,-0.795479,samples
,,,,,,3.33837,1.28887,samples
,,,,,,2.56518,-0.0718028,samples
,,,,,,3.09821,2.87636,samples
,,,,,,2.16918,3.02863,samples
,,,,,,-0.167167,0.360903,samples
,,,,,,2.18783,0.664261,samples
,,,,,,4.65438,1.73178,samples
,,,,,,3.26159,-0.918494,samples
,,,,,,0.394113,1.14644,samples
,,,,,,1.10538,3.51778,samples
,,,,,,1.42529,0.468541,samples
,,,,,,-1.29834,-0.372498,samples
,,,,,,1.5809,-0.163903,samples
,,,,,,3.3059,3.46098,samples
,,,,,,0.933365,0.031173,samples
,,,,,,0.382788,0.0611469,samples
,,,,,,3.36448,0.768262,samples
,,,,,,3.82712,2.53411,samples
,,,,,,-0.407765,1.21879,samples
,,,,,,0.669185,2.03884,samples
,,,,,,0.77788,4.59925,samples
,,,,,,3.19942,0.306792,samples
,,,,,,0.28259,0.92782,samples
,,,,,,2.23424,2.63503,samples
,,,,,,2.74521,2.68501,samples
,,,,,,4.88392,3.67571,samples
,,,,,,0.549103,-0.132512,samples
,,,,,,2.6492,-0.164079,samples
,,,,,,5.2643,-0.349594,samples
,,,,,,0.0845914,0.870344,samples
,,,,,,0.0939145,7.00752,samples
,,,,,,-0.654711,-0.23491,samples
,,,,,,1.32719,-0.251171,samples
,,,,,,0.630794,4.3438,samples
,,,,,,-0.287353,-1.30626,samples
,,,,,,2.77332,-0.0777455,samples
,,,,,,-1.64917,1.43768,samples
,,,,,,-2.49209,1.76019,samples
,,,,,,2.92559,2.56697,samples
,,,,,,0.878945,4.31208,samples
,,,,,,-2.3688,1.63422,samples
,,,,,,-0.209548,1.02258,samples
,,,,,,0.652951,0.00927023,samples
,,,,,,-0.533317,-0.156891,samples
,,,,,,-0.808606,-1.2111,samples
,,,,,,4.2434,2.15222,samples
,,,,,,1.35639,1.51189,samples
,,,,,,0.682238,3.03013,samples
,,,,,,0.913561,0.796674,samples
,,,,,,2.2865,2.54773,samples
,,,,,,3.39125,-0.0305073,samples
,,,,,,-0.61106,-0.0842296,samples
,,,,,,0.59971,0.923379,samples
,,,,,,0.401494,-0.071473,samples
,,,,,,0.117119,-0.134001,samples
,,,,,,0.330196,2.18391,samples
,,,,,,0.372603,2.19215,samples
,,,,,,1.44196,0.619284,samples
,,,,,,1.56961,0.44378,samples
,,,,,,0.324601,-0.693443,samples
,,,,,,1.63215,-0.128388,samples
,,,,,,-1.32736,3.6926,samples
,,,,,,-0.312352,2.39771,samples
,,,,,,0.386662,0.648381,samples
,,,,,,0.308117,-1.49908,samples
,,,,,,5.47032,-0.286732,samples
,,,,,,1.66782,2.38367,samples
,,,,,,-2.24604,0.050431,samples
,,,,,,0.883596,1.59083,samples
,,,,,,0.545495,-1.68962,samples
,,,,,,4.56741,0.199361,samples
,,,,,,3.26465,0.569373,samples
,,,,,,2.12699,1.18123,samples
,,,,,,2.58286,1.96035,samples
,,,,,,0.396056,0.656227,samples
,,,,,,1.97122,0.446941,samples
,,,,,,0.462795,0.430594,samples
,,,,,,-0.560528,1.9566,samples
,,,,,,-2.1844,2.04787,samples
,,,,,,1.45535,0.376513,samples
,,,,,,1.38686,0.660409,samples
,,,,,,0.958525,3.55256,samples
,,,,,,1.53943,3.17709,samples
,,,,,,1.1217,-1.73186,samples
,,,,,,-0.321807,0.19699,samples
,,,,,,1.45372,0.233761,samples
,,,,,,2.24158,4.2243,samples
,,,,,,0.936639,1.89571,samples
,,,,,,1.61374,2.75304,samples
,,,,,,0.143248,-0.824229,samples
,,,,,,0.695626,2.65827,samples
,,,,,,-0.799253,0.0399597,samples
,,,,,,-0.834902,0.249122,samples
,,,,,,2.77242,1.30182,samples
,,,,,,-0.215195,-0.183265,samples
,,,,,,0.993902,-0.135506,samples
,,,,,,5.13175,-0.263691,samples
,,,,,,-1.15618,2.90857,samples
,,,,,,0.611085,-0.167344,samples
,,,,,,0.0537053,2.08926,samples
,,,,,,-0.845942,0.916334,samples
,,,,,,1.73516,2.06395,samples
,,,,,,-0.166091,-0.065898,samples
,,,,,,-0.558202,0.325916,samples
,,,,,,1.02718,-0.375277,samples
,,,,,,3.80769,1.629,samples
,,,,,,-0.727253,3.1594,samples
,,,,,,2.40436,-0.74316,samples
,,,,,,4.14711,2.33989,samples
,,,,,,3.25528,1.13416,samples
,,,,,,1.28371,0.887531,samples
,,,,,,-0.294129,-0.741933,samples
,,,,,,0.632323,2.08936,samples
,,,,,,0.562512,-0.431794,samples
,,,,,,3.40447,0.187293,samples
,,,,,,1.70674,3.60446,samples
,,,,,,0.0634955,3.37899,samples
,,,,,,1.79322,0.90351,samples
,,,,,,2.6892,1.09967,samples
,,,,,,1.949,-0.267654,samples
,,,,,,0.29143,-1.50699,samples
,,,,,,-0.801972,-0.0644537,samples
,,,,,,-0.0143882,2.01898,samples
,,,,,,-0.272325,2.47203,samples
,,,,,,1.46314,0.157878,samples
,,,,,,2.83356,1.95202,samples
,,,,,,0.519028,-1.44303,samples
,,,,,,2.43126,0.0866152,samples
,,,,,,0.441052,4.05447,samples
,,,,,,2.29528,-0.231297,samples
,,,,,,-0.306568,1.62734,samples
,,,,,,-0.520738,3.67902,samples
,,,,,,2.64414,1.64272,samples
,,,,,,-0.230287,0.519136,samples
,,,,,,-0.27314,2.55889,samples
,,,,,,0.120788,1.17892,samples
,,,,,,-0.53168,1.09491,samples
,,,,,,-0.193129,0.24645,samples
,,,,,,0.386212,-0.416467,samples
,,,,,,-0.503049,-1.43479,samples
,,,,,,0.909215,1.57177,samples
,,,,,,1.56587,-0.160422,samples
,,,,,,3.34827,0.54923,samples
,,,,,,-0.694457,-0.0882563,samples
,,,,,,-1.95526,2.12517,samples
,,,,,,-0.973147,-1.18482,samples
,,,,,,1.92146,-0.24461,samples
,,,,,,-1.50245,-2.12954,samples
,,,,,,-0.48641,2.79172,samples
,,,,,,0.903843,2.21907,samples
,,,,,,2.23991,3.09928,samples
,,,,,,0.202182,-0.524085,samples
,,,,,,3.82066,3.02156,samples
,,,,,,1.07355,3.8901,samples
,,,,,,2.63145,0.408028,samples
,,,,,,0.627641,2.36423,samples
,,,,,,-1.14706,-0.189395,samples
,,,,,,-0.718744,0.23766,samples
,,,,,,0.702236,1.30331,samples
,,,,,,1.47564,0.830486,samples
,,,,,,-0.14663,2.43309,samples
,,,,,,-0.103391,2.25313,samples
,,,,,,0.3446,2.00993,samples
,,,,,,-0.0255011,-0.846118,samples
,,,,,,3.23215,0.184663,samples
,,,,,,0.721173,-0.245462,samples
,,,,,,2.11433,0.757901,samples
,,,,,,-0.268431,-1.32208,samples
,,,,,,0.416782,-1.24283,samples
,,,,,,-0.740486,0.00632176,samples
,,,,,,3.54706,1.65569,samples
,,,,,,1.17348,1.73517,samples
,,,,,,0.215631,0.42077,samples
,,,,,,-0.779474,3.44497,samples
,,,,,,-0.199913,4.02224,samples
,,,,,,0.147638,-0.105599,samples
,,,,,,2.41345,2.08192,samples
,,,,,,2.98609,0.365493,samples
,,,,,,0.348194,3.16206,samples
,,,,,,2.26356,0.898272,samples
,,,,,,0.272308,0.175582,samples
,,,,,,-2.52617,-0.964376,samples
,,,,,,0.322072,-0.495473,samples
,,,,,,3.62941,4.69363,samples
,,,,,,-0.545393,0.888979,samples
,,,,,,0.674133,1.32855,samples
,,,,,,2.33021,2.4077,samples
,,,,,,2.49348,0.409556,samples
,,,,,,3.5422,-0.560763,samples
,,,,,,-1.97763,0.492748,samples
,,,,,,-0.03927,0.383327,samples
,,,,,,-1.75123,3.38926,samples
,,,,,,2.75043,2.19406,samples
,,,,,,3.12927,-1.06572,samples
,,,,,,0.770707,2.33061,samples
,,,,,,0.119955,-0.197876,samples
,,,,,,2.97725,0.405144,samples
,,,,,,0.910331,1.40946,samples
,,,,,,3.64826,0.36072,samples
,,,,,,-0.658785,-0.173962,samples
,,,,,,-1.45397,0.646152,samples
,,,,,,0.315725,-0.215105,samples
,,,,,,3.44308,-0.738844,samples
,,,,,,1.75314,1.38788,samples
,,,,,,3.02179,0.945826,samples
,,,,,,-0.262178,0.739149,samples
,,,,,,0.616074,-0.301573,samples
,,,,,,-0.639413,0.300372,samples
,,,,,,1.35793,0.458359,samples
,,,,,,2.76157,-0.225469,samples
,,,,,,1.59935,1.1796,samples
,,,,,,0.0571643,-1.32097,samples
,,,,,,0.482731,-0.161023,samples
,,,,,,0.773529,-1.13466,samples
,,,,,,-0.42939,0.862133,samples
,,,,,,2.07842,-0.212605,samples
,,,,,,1.42683,2.87592,samples
,,,,,,2.01958,0.918996,samples
,,,,,,-0.413261,1.15282,samples
,,,,,,0.197074,2.67241,samples
,,,,,,-1.09996,-2.23974,samples
,,,,,,1.00155,2.64939,samples
,,,,,,0.206727,2.64778,samples
,,,,,,0.38922,-3.92358,samples
,,,,,,0.493044,-0.947714,samples
,,,,,,4.55861,1.65198,samples
,,,,,,-0.825903,5.42153,samples
,,,,,,0.13178,-0.107558,samples
,,,,,,2.00011,0.0265616,samples
,,,,,,3.39559,-0.8941,samples
,,,,,,-0.863846,0.19621,samples
,,,,,,-2.26308,-0.764493,samples
,,,,,,3.8891,3.15379,samples
,,,,,,4.43376,-0.14058,samples
,,,,,,2.89538,-1.08298,samples
,,,,,,0.665578,-0.14795,samples
,,,,,,0.814706,0.848882,samples
,,,,,,0.165107,0.550617,samples
,,,,,,0.24674,1.41233,samples
,,,,,,0.771102,-1.70852,samples
,,,,,,2.13723,0.876034,samples
,,,,,,4.35215,3.24234,samples
,,,,,,0.837712,0.749929,samples
,,,,,,2.09369,-0.470774,samples
,,,,,,0.375217,3.31098,samples
,,,,,,0.826581,2.9212,samples
,,,,,,2.07566,-1.47356,samples
,,,,,,0.564633,0.529492,samples
,,,,,,2.3448,2.82728,samples
,,,,,,2.56745,1.09358,samples
,,,,,,3.20586,3.25482,samples
,,,,,,-0.614647,-0.910845,samples
,,,,,,0.973702,2.70425,samples
,,,,,,0.488627,3.4298,samples
,,,,,,0.824131,0.336881,samples
,,,,,,-1.32939,1.67108,samples
,,,,,,1.39348,-0.391434,samples
,,,,,,-1.72699,1.09218,samples
,,,,,,1.82912,2.63351,samples
,,,,,,0.721542,-0.0567838,samples
,,,,,,0.681019,1.52541,samples
,,,,,,1.53703,-0.650995,samples
,,,,,,-0.123428,1.20775,samples
,,,,,,4.79223,1.74558,samples
,,,,,,0.510895,1.52875,samples
,,,,,,-1.07862,3.19346,samples
,,,,,,1.63398,1.64303,samples
,,,,,,-1.12446,1.05788,samples
,,,,,,2.13528,0.991163,samples
,,,,,,-0.321033,0.222085,samples
,,,,,,2.94969,2.1112,samples
,,,,,,0.260532,-0.432838,samples
,,,,,,0.380785,2.38584,samples
,,,,,,0.626668,1.96843,samples
,,,,,,2.54679,2.87309,samples
,,,,,,-0.200324,2.08295,samples
,,,,,,-0.758635,2.19686,samples
,,,,,,-1.21469,1.52287,samples
,,,,,,0.0392095,-0.0240989,samples
,,,,,,2.8006,1.03316,samples
,,,,,,1.64719,0.158112,samples
,,,,,,1.11161,3.8082,samples
,,,,,,-0.286584,2.26943,samples
,,,,,,4.19282,0.235499,samples
,,,,,,0.00979166,0.291576,samples
,,,,,,-0.901463,4.9008,samples
,,,,,,1.46148,1.10368,samples
,,,,,,4.68345,1.57414,samples
,,,,,,0.939523,1.17682,samples
,,,,,,-0.499224,0.542574,samples
,,,,,,2.14905,3.57794,samples
,,,,,,-0.80539,3.09704,samples
,,,,,,4.49281,-0.508389,samples
,,,,,,1.4478,-0.412544,samples
,,,,,,1.27931,1.80216,samples
,,,,,,-0.0681245,1.38496,samples
,,,,,,1.87603,4.1836,samples
,,,,,,3.00062,0.247969,samples
,,,,,,5.58284e-05,3.48032,samples
,,,,,,1.93801,1.69891,samples
,,,,,,0.697796,1.85642,samples
,,,,,,4.48519,0.834289,samples
,,,,,,0.944552,0.0292948,samples
,,,,,,1.21688,0.949249,samples
,,,,,,0.44769,2.5129,samples
,,,,,,-0.667211,-1.43848,samples
,,,,,,0.451036,2.60396,samples
,,,,,,0.0686167,0.2943,samples
,,,,,,1.17607,0.751088,samples
,,,,,,-0.581144,2.33942,samples
,,,,,,1.05611,0.94483,samples
,,,,,,0.0468446,-1.0434,samples
,,,,,,-0.58671,-0.697873,samples
,,,,,,0.0378317,2.17584,samples
,,,,,,0.172401,1.09955,samples
,,,,,,4.0519,1.20936,samples
,,,,,,0.283723,0.897544,samples
,,,,,,0.602932,6.93922,samples
,,,,,,1.12414,4.42604,samples
,,,,,,-0.513149,0.157945,samples
,,,,,,1.51271,3.41497,samples
,,,,,,1.13616,0.595025,samples
,,,,,,3.96385,1.28119,samples
,,,,,,-0.303261,1.8108,samples
,,,,,,-0.0854409,-0.66618,samples
,,,,,,2.91023,-1.36228,samples
,,,,,,0.384197,-0.380125,samples
,,,,,,5.33642,-0.821418,samples
,,,,,,1.55389,-0.154914,samples
,,,,,,-0.65949,-0.131168,samples
,,,,,,-0.135161,-0.268019,samples
,,,,,,-0.231486,3.31368,samples
,,,,,,1.51049,1.11733,samples
,,,,,,1.26477,-0.840116,samples
,,,,,,1.39612,0.117497,samples
,,,,,,-1.53931,0.119649,samples
,,,,,,-0.767727,-0.0237442,samples
,,,,,,1.2047,2.19414,samples
,,,,,,-0.183012,2.84496,samples
,,,,,,-0.36829,-0.158031,samples
,,,,,,1.84552,1.94265,samples
,,,,,,-1.56223,2.10223,samples
,,,,,,0.0676423,0.0601409,samples
,,,,,,0.474843,-0.100489,samples
,,,,,,4.08431,-0.173887,samples
,,,,,,4.96725,0.513228,samples
,,,,,,2.31371,0.917837,samples
,,,,,,1.14673,2.69953,samples
,,,,,,-0.869734,0.415631,samples
,,,,,,3.61011,2.39298,samples
,,,,,,2.53221,0.864908,samples
,,,,,,-0.686666,0.717121,samples
,,,,,,2.32403,1.42194,samples
,,,,,,0.273394,-0.154536,samples
,,,,,,2.12963,1.31523,samples
,,,,,,0.400302,0.566358,samples
,,,,,,-0.176407,0.561861,samples
,,,,,,0.641004,3.76665,samples
,,,,,,-0.444194,-0.855797,samples
,,,,,,2.05917,0.476485,samples
,,,,,,1.09641,2.38612,samples
,,,,,,-0.269261,1.91648,samples
,,,,,,3.10463,3.30872,samples
,,,,,,1.4082,4.5615,samples
,,,,,,1.34172,-0.584267,samples
,,,,,,-0.530238,3.74392,samples
,,,,,,0.0745248,0.499222,samples
,,,,,,1.06273,3.10056,samples
,,,,,,1.24641,-0.447537,samples
,,,,,,-0.276099,3.42726,samples
,,,,,,2.78207,2.58411,samples
,,,,,,2.33419,-1.01177,samples
,,,,,,-1.03406,0.271655,samples
,,,,,,4.22788,-0.838621,samples
,,,,,,-0.0619871,3.40817,samples
,,,,,,3.16422,3.77942,samples
,,,,,,1.28777,-1.39317,samples
,,,,,,0.500311,-1.36156,samples
,,,,,,0.281489,-0.0454165,samples
,,,,,,-0.0309939,3.47653,samples
,,,,,,1.2426,2.54057,samples
,,,,,,1.74023,0.119545,samples
,,,,,,-0.774482,0.709478,samples
,,,,,,-0.471946,-1.27987,samples
,,,,,,0.966175,1.72877,samples
,,,,,,1.86649,-0.427077,samples
,,,,,,2.95901,2.61317,samples
,,,,,,1.02595,1.07667,samples
,,,,,,-0.437929,-0.403715,samples
,,,,,,2.71527,0.543351,samples
,,,,,,-0.243644,4.28217,samples
,,,,,,-0.431921,-0.846386,samples
,,,,,,4.69052,5.27415,samples
,,,,,,2.31191,0.988223,samples
,,,,,,0.981926,0.68709,samples
,,,,,,0.847614,1.54653,samples
,,,,,,2.00386,0.259373,samples
,,,,,,2.46577,-1.98499,samples
,,,,,,1.24694,1.35788,samples
,,,,,,2.51594,2.16513,samples
,,,,,,0.455114,4.44742,samples
,,,,,,-2.80838,-1.30964,samples
,,,,,,-0.489828,1.5157,samples
,,,,,,-0.807901,1.29649,samples
,,,,,,3.68581,0.402416,samples
,,,,,,1.66821,1.10649,samples
,,,,,,4.40747,0.612688,samples
,,,,,,-0.358034,-0.798823,samples
,,,,,,-0.223056,2.38197,samples
,,,,,,2.09161,1.87527,samples
,,,,,,-1.06758,1.63378,samples
,,,,,,4.52836,0.57883,samples
,,,,,,1.84632,2.99921,samples
,,,,,,-0.244754,-0.758387,samples
,,,,,,-0.367615,2.7702,samples
,,,,,,-1.38386,0.640785,samples
,,,,,,-1.47089,1.91576,samples
,,,,,,0.765857,4.31699,samples
,,,,,,-0.39765,-0.592694,samples
,,,,,,1.01393,3.09168,samples
,,,,,,-0.233167,0.222526,samples
,,,,,,3.12496,-0.15199,samples
,,,,,,-1.18415,0.571585,samples
,,,,,,3.02276,3.37155,samples
,,,,,,-0.0772385,2.59895,samples
,,,,,,1.04216,0.90744,samples
,,,,,,1.40143,0.273806,samples
,,,,,,-1.98155,-0.120608,samples
,,,,,,3.70094,0.981004,samples
,,,,,,4.12235,-0.842254,samples
,,,,,,1.48363,0.800633,samples
,,,,,,0.156855,-0.296538,samples
,,,,,,-0.426636,0.33527,samples
,,,,,,0.805056,-1.6087,samples
,,,,,,0.266106,-0.484513,samples
,,,,,,0.162017,4.3711,samples
,,,,,,2.38391,-0.354507,samples
,,,,,,0.500391,2.79055,samples
,,,,,,3.35555,0.609462,samples
,,,,,,0.0648173,2.35124,samples
,,,,,,-0.679498,0.996275,samples
,,,,,,2.45556,1.52412,samples
,,,,,,3.46853,3.28554,samples
,,,,,,1.66628,-0.31608,samples
,,,,,,1.53296,-0.0482934,samples
,,,,,,4.54049,0.980595,samples
,,,,,,0.0295852,0.408259,samples
,,,,,,3.22052,0.600218,samples
,,,,,,0.552315,-0.0838823,samples
,,,,,,0.756859,4.32529,samples
,,,,,,-0.295902,-0.0714013,samples
,,,,,,2.21859,0.489507,samples
,,,,,,-0.468634,0.416175,samples
,,,,,,0.391036,0.0644259,samples
,,,,,,5.57955,0.00138939,samples
,,,,,,0.167094,2.20526,samples
,,,,,,1.94225,0.904137,samples
,,,,,,1.11394,4.25825,samples
,,,,,,1.23541,-1.63059,samples
,,,,,,2.57405,-1.27113,samples
,,,,,,0.582109,2.8969,samples
,,,,,,-0.356114,-0.576389,samples
,,,,,,2.30722,2.92974,samples
,,,,,,-0.859256,2.31484,samples
,,,,,,-0.129887,0.538427,samples
,,,,,,-0.516912,1.01432,samples
,,,,,,-0.0667543,-0.792594,samples
,,,,,,3.60675,3.22407,samples
,,,,,,0.479504,0.384041,samples
,,,,,,1.58965,1.72897,samples
,,,,,,0.357635,-0.0595423,samples
,,,,,,3.78205,-0.49796,samples
,,,,,,1.34526,-0.930439,samples
,,,,,,3.60759,0.41405,samples
,,,,,,0.155954,-1.12039,samples
,,,,,,4.39934,-0.405024,samples
,,,,,,1.86963,0.215314,samples
,,,,,,-0.576193,2.12485,samples
,,,,,,0.00192869,-0.360553,samples
,,,,,,0.232886,5.46247,samples
,,,,,,2.0147,-0.183685,samples
,,,,,,-0.376532,2.43946,samples
,,,,,,0.257969,3.47719,samples
,,,,,,-2.40419,4.94179,samples
,,,,,,-1.24491,-0.2844,samples
,,,,,,0.842905,0.531241,samples
,,,,,,1.20374,0.748557,samples
,,,,,,-0.72715,-1.48432,samples
,,,,,,-1.17902,1.9347,samples
,,,,,,4.9146,0.540317,samples
,,,,,,0.382655,-0.317605,samples
,,,,,,0.540952,1.33953,samples
,,,,,,2.32199,0.855937,samples
,,,,,,1.99853,-0.237748,samples
,,,,,,3.17509,0.831253,samples
,,,,,,2.39916,-0.278727,samples
,,,,,,0.045805,-1.96499,samples
,,,,,,-0.0712455,0.28225,samples
,,,,,,1.42276,0.257491,samples
,,,,,,2.12139,1.5621,samples
,,,,,,1.26418,-0.225864,samples
,,,,,,-0.0768416,1.4222,samples
,,,,,,-1.73544,2.04375,samples
,,,,,,-0.617072,-0.225918,samples
,,,,,,-0.493034,-0.16141,samples
,,,,,,-1.11658,1.72804,samples
,,,,,,0.562479,0.205112,samples
,,,,,,0.511381,-0.128103,samples
,,,,,,-0.299286,2.61146,samples
,,,,,,-1.99077,0.552541,samples
,,,,,,0.85047,-0.364348,samples
,,,,,,1.22197,0.164864,samples
,,,,,,2.87034,4.06615,samples
,,,,,,-0.614141,-0.952058,samples
,,,,,,1.27314,1.49154,samples
,,,,,,1.06118,-0.0317078,samples
,,,,,,0.191955,-0.162261,samples
,,,,,,-0.749804,-0.510822,samples
,,,,,,4.18578,2.1155,samples
,,,,,,1.56805,0.536615,samples
,,,,,,0.677774,0.361843,samples
,,,,,,0.227782,4.07081,samples
,,,,,,0.734263,0.335499,samples
,,,,,,2.41956,0.704638,samples
,,,,,,3.44424,0.469073,samples
,,,,,,-0.16686,0.189428,samples
,,,,,,0.934781,-0.00867449,samples
,,,,,,2.78611,0.16248,samples
,,,,,,-0.23352,2.59599,samples
,,,,,,1.27024,0.137673,samples
,,,,,,0.610258,0.448214,samples
,,,,,,2.15807,-0.046808,samples
,,,,,,4.02806,1.56743,samples
,,,,,,-0.285654,0.407456,samples
,,,,,,-0.621571,1.03094,samples
,,,,,,2.26267,1.41193,samples
,,,,,,0.109295,-0.58897,samples
,,,,,,1.78977,2.38586,samples
,,,,,,2.78383,-0.230041,samples
,,,,,,-0.028875,2.04268,samples
,,,,,,0.139885,1.66673,samples
,,,,,,-0.0675969,-0.980848,samples
,,,,,,1.26134,-0.484475,samples
,,,,,,0.913678,-0.671383,samples
,,,,,,-0.382294,-0.425873,samples
,,,,,,2.81393,-0.977698,samples
,,,,,,0.287027,1.64573,samples
,,,,,,0.153611,0.448934,samples
,,,,,,0.803373,2.1649,samples
,,,,,,-0.205177,0.912887,samples
,,,,,,1.97111,-0.370118,samples
,,,,,,0.891026,-1.35112,samples
,,,,,,0.803794,0.2494,samples
,,,,,,3.55153,3.45002,samples
,,,,,,1.19967,-1.27149,samples
,,,,,,-0.0651848,-0.586832,samples
,,,,,,0.00734967,0.783159,samples
,,,,,,2.20438,-0.57233,samples
,,,,,,3.93387,-2.95516,samples
,,,,,,-1.36358,0.548932,samples
,,,,,,1.18617,2.23093,samples
,,,,,,1.4573,3.3626,samples
,,,,,,2.15265,-0.074509,samples
,,,,,,2.75558,4.18942,samples
,,,,,,2.15157,0.707001,samples
,,,,,,1.78693,0.805945,samples
,,,,,,-0.808672,0.169235,samples
,,,,,,0.580278,0.989807,samples
,,,,,,-0.729524,0.273809,samples
,,,,,,0.160996,1.08299,samples
,,,,,,4.5665,1.99764,samples
,,,,,,3.72557,-0.573672,samples
,,,,,,-0.000735826,0.310572,samples
,,,,,,1.14569,3.22038,samples
,,,,,,0.587544,1.21656,samples
,,,,,,0.199579,-0.259975,samples
,,,,,,-1.03562,0.698046,samples
,,,,,,-0.28862,-0.294864,samples
,,,,,,1.28368,0.719656,samples
,,,,,,2.27102,3.88212,samples
,,,,,,0.0606975,0.386422,samples
,,,,,,-0.389015,0.516036,samples
,,,,,,-1.19876,2.10154,samples
,,,,,,0.215002,3.34239,samples
,,,,,,0.435172,4.45437,samples
,,,,,,-1.30707,0.790966,samples
,,,,,,4.76992,0.369758,samples
,,,,,,2.25208,4.90448,samples
,,,,,,-0.363431,3.85723,samples
,,,,,,-0.578587,0.38612,samples
,,,,,,1.87847,1.18164,samples
,,,,,,1.09289,4.67163,samples
,,,,,,2.47625,-1.55429,samples
,,,,,,-0.215973,0.0430782,samples
,,,,,,0.209779,-0.184331,samples
,,,,,,0.722122,-1.71934,samples
,,,,,,4.95303,1.30867,samples
,,,,,,-0.53261,0.642916,samples
,,,,,,0.903218,0.0190558,samples
,,,,,,2.74971,1.14017,samples
,,,,,,-0.95577,1.54522,samples
,,,,,,0.393054,0.194115,samples
,,,,,,1.05479,0.0414789,samples
,,,,,,0.0790372,-0.605212,samples
,,,,,,1.98771,3.5489,samples
,,,,,,3.12619,0.750064,samples
,,,,,,2.31304,3.82908,samples
,,,,,,5.50251,6.15743,samples
,,,,,,1.01403,1.6348,samples
,,,,,,4.52543,2.07108,samples
,,,,,,1.28424,3.53339,samples
,,,,,,-1.14283,-0.678577,samples
,,,,,,1.30759,0.34196,samples
,,,,,,0.131334,-0.635446,samples
,,,,,,0.391916,-1.37846,samples
,,,,,,-0.930057,0.353268,samples
,,,,,,2.51367,-0.0786643,samples
,,,,,,-1.0338,0.0873514,samples
,,,,,,0.658656,-0.186275,samples
,,,,,,-0.369331,-1.22518,samples
,,,,,,-0.543161,2.24681,samples
,,,,,,2.52638,1.74939,samples
,,,,,,1.25239,3.04131,samples
,,,,,,0.406965,1.05914,samples
,,,,,,-0.0144454,0.553713,samples
,,,,,,1.72375,1.8202,samples
,,,,,,0.775765,0.279131,samples
,,,,,,0.102189,0.419022,samples
,,,,,,0.437206,-0.548813,samples
,,,,,,0.966934,0.188242,samples
,,,,,,2.97533,0.584967,samples
,,,,,,-0.309064,0.155118,samples
,,,,,,-0.406915,0.357584,samples
,,,,,,2.67383,0.216287,samples
,,,,,,2.52451,3.78751,samples
,,,,,,0.0763237,0.462785,samples
,,,,,,0.377792,0.532999,samples
,,,,,,3.52189,1.32673,samples
,,,,,,0.0757826,1.42761,samples
,,,,,,-0.106536,-1.03079,samples
,,,,,,2.30314,0.125345,samples
,,,,,,-0.709861,0.32231,samples
,,,,,,1.28325,1.56092,samples
,,,,,,1.23512,0.0451157,samples
,,,,,,3.68703,-0.0109195,samples
,,,,,,0.862784,0.938858,samples
,,,,,,-0.427155,1.5842,samples
,,,,,,-0.35816,-0.344925,samples
,,,,,,0.13551,3.25474,samples
,,,,,,-1.59938,2.68867,samples
,,,,,,1.17987,2.20038,samples
,,,,,,1.34998,1.86967,samples
,,,,,,-0.892499,0.989195,samples
,,,,,,3.08599,0.513129,samples
,,,,,,1.3174,-3.28103,samples
,,,,,,1.38496,-0.862376,samples
,,,,,,0.12604,-0.216247,samples
,,,,,,-1.28929,0.0793656,samples
,,,,,,-0.0607674,-0.590084,samples
,,,,,,2.94833,1.99297,samples
,,,,,,0.238127,0.773587,samples
,,,,,,1.47652,-0.338209,samples
,,,,,,-0.548391,0.552514,samples
,,,,,,0.374857,0.951865,samples
,,,,,,0.297501,0.782827,samples
,,,,,,-0.0303755,-0.448885,samples
,,,,,,-1.47788,1.18213,samples
,,,,,,-0.472607,1.54992,samples
,,,,,,3.60728,-0.181707,samples
,,,,,,-0.00614503,1.82826,samples
,,,,,,1.28989,-0.592545,samples
,,,,,,2.54407,-0.93074,samples
,,,,,,1.804,2.24142,samples
,,,,,,-0.00646247,-0.460361,samples
,,,,,,4.97817,0.959324,samples
,,,,,,1.71441,3.98164,samples
,,,,,,0.563097,-0.830283,samples
,,,,,,0.156518,4.04168,samples
,,,,,,2.68559,0.351797,samples
,,,,,,1.75126,-0.116071,samples
,,,,,,1.26272,2.43456,samples
,,,,,,-0.357882,4.72423,samples
,,,,,,-0.346205,1.07969,samples
,,,,,,0.256837,0.376102,samples
,,,,,,1.13314,4.90361,samples
,,,,,,0.871463,0.22108,samples
,,,,,,0.852867,0.681572,samples
,,,,,,-0.670672,2.91377,samples
,,,,,,0.263189,-0.0510803,samples
,,,,,,2.08232,-0.792438,samples
,,,,,,-0.373805,0.448883,samples
,,,,,,1.56167,1.60867,samples
,,,,,,-0.138125,0.734749,samples
,,,,,,-0.781397,-0.419346,samples
,,,,,,3.79736,0.518542,samples
,,,,,,0.487664,0.703167,samples
,,,,,,1.25707,1.10472,samples
,,,,,,-1.15453,2.58513,samples
,,,,,,0.336915,2.58009,samples
,,,,,,0.262255,0.418324,samples
,,,,,,0.760947,0.241544,samples
,,,,,,0.151569,0.0604078,samples
,,,,,,2.55149,-0.885905,samples
,,,,,,-0.382439,-0.88956,samples
,,,,,,0.843516,0.529688,samples
,,,,,,1.66532,-0.0324892,samples
,,,,,,-0.410064,0.913381,samples
,,,,,,1.37392,-0.592293,samples
,,,,,,2.6419,-0.129955,samples
,,,,,,-0.0788358,2.76491,samples
,,,,,,0.897616,0.200388,samples
,,,,,,-0.32501,2.25243,samples
,,,,,,0.249139,-0.623529,samples
,,,,,,0.542993,0.224703,samples
,,,,,,-0.341302,-0.377208,samples
,,,,,,-0.695307,-1.51273,samples
,,,,,,0.474166,-0.404383,samples
,,,,,,2.11089,0.665189,samples
,,,,,,4.2865,-0.802292,samples
,,,,,,4.12026,-0.975776,samples
,,,,,,-1.21748,1.13217,samples
,,,,,,-0.851249,-0.41621,samples
,,,,,,-1.01519,-0.795278,samples
,,,,,,0.80364,2.36123,samples
,,,,,,-0.355053,0.907144,samples
,,,,,,0.272035,1.64618,samples
,,,,,,3.28855,0.120965,samples
,,,,,,-0.0979983,3.06386,samples
,,,,,,-1.00323,-0.204674,samples
,,,,,,1.48908,0.821128,samples
,,,,,,-0.142794,-0.24648,samples
,,,,,,4.55347,0.410556,samples
,,,,,,0.342794,0.924324,samples
,,,,,,1.99775,1.18156,samples
,,,,,,-0.433432,3.31588,samples
,,,,,,4.95202,-1.42317,samples
,,,,,,0.311141,2.12145,samples
,,,,,,-0.564268,1.9323,samples
,,,,,,-0.573566,0.602238,samples
,,,,,,1.4513,0.880555,samples
,,,,,,0.0411586,0.352412,samples
,,,,,,2.46371,0.376142,samples
,,,,,,1.87947,-0.993239,samples
,,,,,,2.39374,0.131176,samples
,,,,,,1.77762,1.9208,samples
,,,,,,-0.219163,3.1243,samples
,,,,,,0.89868,-0.703305,samples
,,,,,,-0.371466,-0.836956,samples
,,,,,,6.43741,0.858507,samples
,,,,,,0.363401,1.70884,samples
,,,,,,2.3931,-0.808651,samples
,,,,,,0.275744,0.161525,samples
,,,,,,-0.167339,-0.074416,samples
,,,,,,0.880565,0.531646,samples
,,,,,,-0.313038,3.71455,samples
,,,,,,0.320948,-0.878906,samples
,,,,,,-1.03942,1.98137,samples
,,,,,,1.22581,2.68749,samples
,,,,,,1.27068,2.21525,samples
,,,,,,1.32272,0.12252,samples
,,,,,,-0.551192,0.558626,samples
,,,,,,-0.875431,0.166511,samples
,,,,,,-1.34765,2.28411,samples
,,,,,,0.0554455,1.95063,samples
,,,,,,1.14325,1.49098,samples
,,,,,,1.06013,0.225861,samples
,,,,,,-0.176362,3.15829,samples
,,,,,,2.5777,1.13149,samples
,,,,,,-1.60874,0.567248,samples
,,,,,,0.644273,2.0221,samples
,,,,,,0.239813,-0.110111,samples
,,,,,,-2.33354,-0.484481,samples
,,,,,,0.882507,0.513628,samples
,,,,,,1.27673,0.628815,samples
,,,,,,-0.00112709,0.764476,samples
,,,,,,1.82801,-0.294221,samples
,,,,,,3.68454,-1.3591,samples
,,,,,,2.28152,4.21499,samples
,,,,,,1.47601,2.07212,samples
,,,,,,1.91066,1.02609,samples
,,,,,,-0.84443,0.875512,samples
,,,,,,3.78222,-1.69264,samples
,,,,,,2.23335,-1.65731,samples
,,,,,,2.42268,1.24698,samples
,,,,,,-0.274352,0.748224,samples
,,,,,,3.30588,1.0183,samples
,,,,,,4.25585,1.28627,samples
,,,,,,1.89804,-0.386138,samples
,,,,,,0.231857,3.11746,samples
,,,,,,4.43601,2.01786,samples
,,,,,,3.92057,0.388334,samples
,,,,,,-0.0602648,-0.325992,samples
,,,,,,0.19687,-2.72945,samples
,,,,,,1.68241,-0.99186,samples
,,,,,,-0.111191,2.19456,samples
,,,,,,2.2187,1.40747,samples
,,,,,,-0.818299,2.33832,samples
,,,,,,0.196549,0.209183,samples
,,,,,,-0.559718,2.15156,samples
,,,,,,3.68155,0.032065,samples
,,,,,,3.15834,-0.0533524,samples
,,,,,,3.93417,0.63823,samples
,,,,,,4.2069,0.264787,samples
,,,,,,-0.387097,2.62202,samples
,,,,,,-0.364662,0.336511,samples
,,,,,,-0.33864,0.176918,samples
,,,,,,-1.08818,1.61343,samples
,,,,,,3.15339,0.927206,samples
,,,,,,2.55227,3.07943,samples
,,,,,,0.288848,0.89002,samples
,,,,,,4.07926,1.47714,samples
,,,,,,0.32376,3.06949,samples
,,,,,,0.212521,0.827914,samples
,,,,,,-0.880093,2.79071,samples
,,,,,,3.23496,-0.0833688,samples
,,,,,,-2.16677,-0.497176,samples
,,,,,,-0.558746,0.819008,samples
,,,,,,2.68425,-1.13115,samples
,,,,,,2.29229,1.04689,samples
,,,,,,-0.0859952,0.570573,samples
,,,,,,1.71766,-0.580371,samples
,,,,,,1.33497,0.820333,samples
,,,,,,0.842268,2.74571,samples
,,,,,,0.206427,2.59936,samples
,,,,,,0.14076,0.0762781,samples
,,,,,,1.28582,-0.237036,samples
,,,,,,0.675314,0.799346,samples
,,,,,,-0.0446723,0.237831,samples
,,,,,,0.891111,0.549394,samples
,,,,,,-1.17749,0.684056,samples
,,,,,,1.00429,2.77749,samples
,,,,,,3.59768,4.5169,samples
,,,,,,0.907002,1.97265,samples
,,,,,,1.57514,2.51064,samples
,,,,,,0.116676,1.97356,samples
,,,,,,0.211342,1.07048,samples
,,,,,,3.69492,0.808243,samples
,,,,,,0.522626,3.13903,samples
,,,,,,3.11083,0.724648,samples
,,,,,,-0.0341984,-0.137678,samples
,,,,,,3.28332,1.71399,samples
,,,,,,4.13647,-0.088979,samples
,,,,,,0.652942,-0.0107898,samples
,,,,,,0.663222,2.38416,samples
,,,,,,1.12793,-0.417694,samples
,,,,,,1.44501,-1.52131,samples
,,,,,,-0.767455,1.50533,samples
,,,,,,2.43468,1.19864,samples
,,,,,,1.54658,0.780217,samples
,,,,,,-0.0509824,3.7469,samples
,,,,,,1.21801,2.23778,samples
,,,,,,0.960287,-0.145295,samples
,,,,,,3.29512,-0.617752,samples
,,,,,,-0.158796,-0.703353,samples
,,,,,,0.840774,2.51958,samples
,,,,,,3.18898,1.75438,samples
,,,,,,0.222541,0.560909,samples
,,,,,,0.579171,1.01321,samples
,,,,,,3.09562,0.348611,samples
,,,,,,0.967086,0.0793441,samples
,,,,,,1.10345,1.3526,samples
,,,,,,0.576693,0.252407,samples
,,,,,,0.276137,2.10337,samples
,,,,,,1.86059,1.30607,samples
,,,,,,1.03963,1.37874,samples
,,,,,,-0.83812,1.33807,samples
,,,,,,1.21726,0.214943,samples
,,,,,,2.6096,1.40752,samples
,,,,,,3.6912,5.35164,samples
,,,,,,2.49741,1.04851,samples
,,,,,,2.68531,0.28201,samples
,,,,,,0.132316,-0.269605,samples
,,,,,,2.63237,0.541274,samples
,,,,,,3.08907,1.1541,samples
,,,,,,3.66591,1.92488,samples
,,,,,,1.29978,0.779949,samples
,,,,,,-0.89374,1.04966,samples
,,,,,,4.34921,-0.15422,samples
,,,,,,4.37938,0.911146,samples
,,,,,,-1.05872,1.12703,samples
,,,,,,0.617481,1.01,samples
,,,,,,0.342126,0.126748,samples
,,,,,,0.146144,-0.110966,samples
,,,,,,-0.0482772,1.10527,samples
,,,,,,3.97191,1.27381,samples
,,,,,,0.556584,-0.490191,samples
,,,,,,-0.141172,-0.46914,samples
,,,,,,4.93645,1.61776,samples
,,,,,,2.33788,2.96596,samples
,,,,,,-0.332516,0.934982,samples
,,,,,,-0.896787,0.960751,samples
,,,,,,3.0046,-0.0236776,samples
,,,,,,-0.357091,4.1987,samples
,,,,,,3.16495,0.282234,samples
,,,,,,-0.662343,1.76316,samples
,,,,,,-1.58874,-0.0452065,samples
,,,,,,2.69859,-1.86491,samples
,,,,,,-0.497856,3.7994,samples
,,,,,,2.0601,-0.940468,samples
,,,,,,0.798842,0.374666,samples
,,,,,,-0.546499,0.669381,samples
,,,,,,-0.212429,0.495023,samples
,,,,,,4.6375,0.264617,samples
,,,,,,0.847458,3.71806,samples
,,,,,,-0.738687,0.289511,samples
,,,,,,1.53402,0.33891,samples
,,,,,,2.9012,-0.131205,samples
,,,,,,-0.43415,4.31262,samples
,,,,,,0.555417,0.0201461,samples
,,,,,,2.87809,0.806627,samples
,,,,,,-1.0171,3.49657,samples
,,,,,,0.641662,-0.570783,samples
,,,,,,2.8117,0.35209,samples
,,,,,,2.00944,0.0967888,samples
,,,,,,1.06824,5.00599,samples
,,,,,,-0.668389,2.49195,samples
,,,,,,1.10367,0.00488868,samples
,,,,,,3.94268,-0.414896,samples
,,,,,,2.10085,0.230876,samples
,,,,,,-0.277493,1.98521,samples
,,,,,,-1.38373,2.16235,samples
,,,,,,0.217342,-0.127743,samples
,,,,,,-0.226708,3.04171,samples
,,,,,,0.0613248,3.00432,samples
,,,,,,0.64756,0.5145,samples
,,,,,,2.63267,0.429711,samples
,,,,,,3.6612,-0.834744,samples
,,,,,,1.22276,-0.204415,samples
,,,,,,3.1485,0.243564,samples
,,,,,,0.594489,-1.44842,samples
,,,,,,-0.888729,4.05266,samples
,,,,,,5.27363,0.78703,samples
,,,,,,1.91474,6.28687,samples
,,,,,,1.90697,3.50771,samples
,,,,,,0.547811,0.969566,samples
,,,,,,-0.0697047,0.436786,samples
,,,,,,-0.391371,2.11637,samples
,,,,,,0.537341,2.67024,samples
,,,,,,-0.644494,0.391618,samples
,,,,,,0.304799,3.45366,samples
,,,,,,0.835419,0.641422,samples
,,,,,,0.845602,2.94583,samples
,,,,,,0.248706,0.711726,samples
,,,,,,0.342655,0.627165,samples
,,,,,,-0.933842,2.40006,samples
,,,,,,0.316184,2.69512,samples
,,,,,,0.544534,-0.429571,samples
,,,,,,0.832957,-1.60883,samples
,,,,,,2.52932,0.480053,samples
,,,,,,2.39851,0.110678,samples
,,,,,,-0.35011,-0.409171,samples
,,,,,,2.56274,-0.441545,samples
,,,,,,1.17461,-0.958949,samples
,,,,,,1.18969,5.82806,samples
,,,,,,2.8187,0.82805,samples
,,,,,,2.6222,0.172224,samples
,,,,,,-1.52936,3.00117,samples
,,,,,,3.81165,0.570612,samples
,,,,,,4.6129,4.67321,samples
,,,,,,-1.02414,3.49855,samples
,,,,,,2.74352,-0.0924526,samples
,,,,,,0.985956,1.49138,samples
,,,,,,-0.721708,-0.347758,samples
,,,,,,1.46823,0.160826,samples
,,,,,,0.168938,2.24997,samples
,,,,,,1.41686,-1.21581,samples
,,,,,,0.666187,0.0200417,samples
,,,,,,1.58624,-1.07504,samples
,,,,,,0.502302,1.09045,samples
,,,,,,4.18139,-0.124528,samples
,,,,,,0.582477,-1.42858,samples
,,,,,,0.349297,0.204744,samples
,,,,,,0.0300517,1.13072,samples
,,,,,,2.43909,-0.0351038,samples
,,,,,,1.31875,1.92828,samples
,,,,,,-0.232991,0.4294,samples
,,,,,,0.450599,2.55963,samples
,,,,,,-1.21707,-0.409866,samples
,,,,,,0.439046,2.03478,samples
,,,,,,4.39098,0.22114,samples
,,,,,,3.49213,0.450807,samples
,,,,,,0.405849,0.214031,samples
,,,,,,0.00471824,-0.774465,samples
,,,,,,-0.448165,3.03954,samples
,,,,,,0.971338,1.88904,samples
,,,,,,0.0504264,0.612064,samples
