x,pdf_class,pdf_function,moment,class_value,function_value,class_samples,function_samples
-4,0.00235838,0.00235838,,,,,
-3.96,0.00251189,0.00251189,,,,,
-3.92,0.00267449,0.00267449,,,,,
-3.88,0.00284666,0.00284666,,,,,
-3.84,0.00302891,0.00302891,,,,,
-3.8,0.00322174,0.00322174,,,,,
-3.76,0.00342571,0.00342571,,,,,
-3.72,0.00364137,0.00364137,,,,,
-3.68,0.00386932,0.00386932,,,,,
-3.64,0.00411016,0.00411016,,,,,
-3.6,0.00436454,0.00436454,,,,,
-3.56,0.00463312,0.00463312,,,,,
-3.52,0.00491658,0.00491658,,,,,
-3.48,0.00521565,0.00521565,,,,,
-3.44,0.00553106,0.00553106,,,,,
-3.4,0.00586359,0.00586359,,,,,
-3.36,0.00621404,0.00621404,,,,,
-3.32,0.00658324,0.00658324,,,,,
-3.28,0.00697205,0.00697205,,,,,
-3.24,0.00738136,0.00738136,,,,,
-3.2,0.00781209,0.00781209,,,,,
-3.16,0.00826519,0.00826519,,,,,
-3.12,0.00874165,0.00874165,,,,,
-3.08,0.00924247,0.00924247,,,,,
-3.04,0.00976872,0.00976872,,,,,
-3,0.0103215,0.0103215,,,,,
-2.96,0.0109018,0.0109018,,,,,
-2.92,0.011511,0.011511,,,,,
-2.88,0.01215,0.01215,,,,,
-2.84,0.0128203,0.0128203,,,,,
-2.8,0.0135229,0.0135229,,,,,
-2.76,0.0142592,0.0142592,,,,,
-2.72,0.0150305,0.0150305,,,,,
-2.68,0.0158381,0.0158381,,,,,
-2.64,0.0166835,0.0166835,,,,,
-2.6,0.0175679,0.0175679,,,,,
-2.56,0.018493,0.018493,,,,,
-2.52,0.01946,0.01946,,,,,
-2.48,0.0204705,0.0204705,,,,,
-2.44,0.0215261,0.0215261,,,,,
-2.4,0.0226282,0.0226282,,,,,
-2.36,0.0237784,0.0237784,,,,,
-2.32,0.0249784,0.0249784,,,,,
-2.28,0.0262297,0.0262297,,,,,
-2.24,0.0275339,0.0275339,,,,,
-2.2,0.0288927,0.0288927,,,,,
-2.16,0.0303078,0.0303078,,,,,
-2.12,0.0317807,0.0317807,,,,,
-2.08,0.0333132,0.0333132,,,,,
-2.04,0.0349069,0.0349069,,,,,
-2,0.0365634,0.0365634,,,,,
-1.96,0.0382845,0.0382845,,,,,
-1.92,0.0400717,0.0400717,,,,,
-1.88,0.0419266,0.0419266,,,,,
-1.84,0.0438509,0.0438509,,,,,
-1.8,0.0458461,0.0458461,,,,,
-1.76,0.0479138,0.0479138,,,,,
-1.72,0.0500553,0.0500553,,,,,
-1.68,0.0522722,0.0522722,,,,,
-1.64,0.0545658,0.0545658,,,,,
-1.6,0.0569374,0.0569374,,,,,
-1.56,0.0593883,0.0593883,,,,,
-1.52,0.0619195,0.0619195,,,,,
-1.48,0.0645321,0.0645321,,,,,
-1.44,0.0672271,0.0672271,,,,,
-1.4,0.0700053,0.0700053,,,,,
-1.36,0.0728674,0.0728674,,,,,
-1.32,0.0758139,0.0758139,,,,,
-1.28,0.0788452,0.0788452,,,,,
-1.24,0.0819616,0.0819616,,,,,
-1.2,0.0851631,0.0851631,,,,,
-1.16,0.0884497,0.0884497,,,,,
-1.12,0.0918209,0.0918209,,,,,
-1.08,0.0952763,0.0952763,,,,,
-1.04,0.098815,0.098815,,,,,
-1,0.102436,0.102436,,,,,
-0.96,0.106138,0.106138,,,,,
-0.92,0.10992,0.10992,,,,,
-0.88,0.113779,0.113779,,,,,
-0.84,0.117714,0.117714,,,,,
-0.8,0.121722,0.121722,,,,,
-0.76,0.1258,0.1258,,,,,
-0.72,0.129946,0.129946,,,,,
-0.68,0.134155,0.134155,,,,,
-0.64,0.138424,0.138424,,,,,
-0.6,0.142749,0.142749,,,,,
-0.56,0.147125,0.147125,,,,,
-0.52,0.151547,0.151547,,,,,
-0.48,0.15601,0.15601,,,,,
-0.44,0.160508,0.160508,,,,,
-0.4,0.165035,0.165035,,,,,
-0.36,0.169584,0.169584,,,,,
-0.32,0.174149,0.174149,,,,,
-0.28,0.178723,0.178723,,,,,
-0.24,0.183297,0.183297,,,,,
-0.2,0.187863,0.187863,,,,,
-0.16,0.192414,0.192414,,,,,
-0.12,0.19694,0.19694,,,,,
-0.08,0.201433,0.201433,,,,,
-0.04,0.205883,0.205883,,,,,
3.01148e-15,0.210281,0.210281,,,,,
0.04,0.214617,0.214617,,,,,
0.08,0.218881,0.218881,,,,,
0.12,0.223063,0.223063,,,,,
0.16,0.227152,0.227152,,,,,
0.2,0.231139,0.231139,,,,,
0.24,0.235013,0.235013,,,,,
0.28,0.238764,0.238764,,,,,
0.32,0.242381,0.242381,,,,,
0.36,0.245855,0.245855,,,,,
0.4,0.249176,0.249176,,,,,
0.44,0.252334,0.252334,,,,,
0.48,0.25532,0.25532,,,,,
0.52,0.258124,0.258124,,,,,
0.56,0.260738,0.260738,,,,,
0.6,0.263155,0.263155,,,,,
0.64,0.265365,0.265365,,,,,
0.68,0.267363,0.267363,,,,,
0.72,0.269142,0.269142,,,,,
0.76,0.270696,0.270696,,,,,
0.8,0.272019,0.272019,,,,,
0.84,0.273108,0.273108,,,,,
0.88,0.273959,0.273959,,,,,
0.92,0.274569,0.274569,,,,,
0.96,0.274936,0.274936,,,,,
1,0.275058,0.275058,,,,,
1.04,0.274936,0.274936,,,,,
1.08,0.274569,0.274569,,,,,
1.12,0.273959,0.273959,,,,,
1.16,0.273108,0.273108,,,,,
1.2,0.272019,0.272019,,,,,
1.24,0.270696,0.270696,,,,,
1.28,0.269142,0.269142,,,,,
1.32,0.267363,0.267363,,,,,
1.36,0.265365,0.265365,,,,,
1.4,0.263155,0.263155,,,,,
1.44,0.260738,0.260738,,,,,
1.48,0.258124,0.258124,,,,,
1.52,0.25532,0.25532,,,,,
1.56,0.252334,0.252334,,,,,
1.6,0.249176,0.249176,,,,,
1.64,0.245855,0.245855,,,,,
1.68,0.242381,0.242381,,,,,
1.72,0.238764,0.238764,,,,,
1.76,0.235013,0.235013,,,,,
1.8,0.231139,0.231139,,,,,
1.84,0.227152,0.227152,,,,,
1.88,0.223063,0.223063,,,,,
1.92,0.218881,0.218881,,,,,
1.96,0.214617,0.214617,,,,,
2,0.210281,0.210281,,,,,
2.04,0.205883,0.205883,,,,,
2.08,0.201433,0.201433,,,,,
2.12,0.19694,0.19694,,,,,
2.16,0.192414,0.192414,,,,,
2.2,0.187863,0.187863,,,,,
2.24,0.183297,0.183297,,,,,
2.28,0.178723,0.178723,,,,,
2.32,0.174149,0.174149,,,,,
2.36,0.169584,0.169584,,,,,
2.4,0.165035,0.165035,,,,,
2.44,0.160508,0.160508,,,,,
2.48,0.15601,0.15601,,,,,
2.52,0.151547,0.151547,,,,,
2.56,0.147125,0.147125,,,,,
2.6,0.142749,0.142749,,,,,
2.64,0.138424,0.138424,,,,,
2.68,0.134155,0.134155,,,,,
2.72,0.129946,0.129946,,,,,
2.76,0.1258,0.1258,,,,,
2.8,0.121722,0.121722,,,,,
2.84,0.117714,0.117714,,,,,
2.88,0.113779,0.113779,,,,,
2.92,0.10992,0.10992,,,,,
2.96,0.106138,0.106138,,,,,
3,0.102436,0.102436,,,,,
3.04,0.098815,0.098815,,,,,
3.08,0.0952763,0.0952763,,,,,
3.12,0.0918209,0.0918209,,,,,
3.16,0.0884497,0.0884497,,,,,
3.2,0.0851631,0.0851631,,,,,
3.24,0.0819616,0.0819616,,,,,
3.28,0.0788452,0.0788452,,,,,
3.32,0.0758139,0.0758139,,,,,
3.36,0.0728674,0.0728674,,,,,
3.4,0.0700053,0.0700053,,,,,
3.44,0.0672271,0.0672271,,,,,
3.48,0.0645321,0.0645321,,,,,
3.52,0.0619195,0.0619195,,,,,
3.56,0.0593883,0.0593883,,,,,
3.6,0.0569374,0.0569374,,,,,
3.64,0.0545658,0.0545658,,,,,
3.68,0.0522722,0.0522722,,,,,
3.72,0.0500553,0.0500553,,,,,
3.76,0.0479138,0.0479138,,,,,
3.8,0.0458461,0.0458461,,,,,
3.84,0.0438509,0.0438509,,,,,
3.88,0.0419266,0.0419266,,,,,
3.92,0.0400717,0.0400717,,,,,
3.96,0.0382845,0.0382845,,,,,
,,,Среднее,1,1,,
,,,Дисперсия,2.384,2.384,,
,,,Асимметрия,0,0,,
,,,Эксцесс,0.405,0.405,,
,,,,,,3.29682,-1.4659
,,,,,,1.54984,0.622503
,,,,,,-1.3209,2.6286
,,,,,,1.87406,0.744934
,,,,,,1.57356,1.23037
,,,,,,1.78103,0.854152
,,,,,,2.09968,1.35427
,,,,,,3.16271,-0.00484042
,,,,,,-0.347308,0.87518
,,,,,,1.45442,-0.348835
,,,,,,0.581156,2.19663
,,,,,,1.09709,0.0125501
,,,,,,1.97239,-0.711612
,,,,,,1.03296,2.70664
,,,,,,2.17407,-0.0291141
,,,,,,1.09605,0.873515
,,,,,,-1.56427,0.389798
,,,,,,3.25402,0.586825
,,,,,,1.56959,1.16978
,,,,,,1.47051,-1.3709
,,,,,,2.67416,3.47482
,,,,,,1.10382,0.814631
,,,,,,-0.886282,0.957085
,,,,,,-0.668235,1.73268
,,,,,,1.43276,-0.115389
,,,,,,-0.388754,2.38149
,,,,,,0.418931,2.01778
,,,,,,1.17369,0.967053
,,,,,,-1.44221,0.327123
,,,,,,1.38754,0.71223
,,,,,,-0.195893,0.532051
,,,,,,1.50264,2.01437
,,,,,,0.28875,0.224637
,,,,,,0.42107,0.568908
,,,,,,0.343446,-1.49338
,,,,,,-1.2887,1.79705
,,,,,,2.74287,2.24536
,,,,,,1.601,4.30031
,,,,,,1.80496,0.640228
,,,,,,1.65162,0.676284
,,,,,,1.13404,-1.76993
,,,,,,0.527485,1.93467
,,,,,,0.859266,1.67934
,,,,,,4.42833,1.04385
,,,,,,0.876145,-1.72607
,,,,,,0.509,2.4142
,,,,,,2.49002,-0.560944
,,,,,,3.25259,0.598173
,,,,,,0.902247,-1.51592
,,,,,,-0.722329,2.72566
,,,,,,0.810362,1.42227
,,,,,,2.46817,1.55151
,,,,,,1.51592,0.468945
,,,,,,1.79776,1.17289
,,,,,,3.05176,2.01676
,,,,,,1.07939,-0.951317
,,,,,,1.98667,4.02164
,,,,,,-0.94711,0.468365
,,,,,,-0.108328,2.74825
,,,,,,-3.02605,2.13161
,,,,,,-0.897627,1.91734
,,,,,,2.00717,1.59722
,,,,,,2.98841,0.259289
,,,,,,2.0922,1.57048
,,,,,,1.43487,1.52576
,,,,,,-0.811176,3.41037
,,,,,,-2.09253,2.08037
,,,,,,2.51138,2.82458
,,,,,,1.57977,0.0564579
,,,,,,2.85736,0.337425
,,,,,,1.70195,1.93134
,,,,,,-0.692991,2.53096
,,,,,,0.924093,4.70095
,,,,,,0.825736,0.200826
,,,,,,-2.01567,-0.306357
,,,,,,3.21201,1.24722
,,,,,,2.30657,1.39622
,,,,,,-0.315189,2.7251
,,,,,,2.41843,-0.883568
,,,,,,1.08003,2.46882
,,,,,,3.38389,-3.02476
,,,,,,-0.202753,-0.827598
,,,,,,-0.416484,0.814215
,,,,,,-0.673176,1.2073
,,,,,,1.85963,1.6741
,,,,,,4.76166,-0.157823
,,,,,,1.25285,2.7628
,,,,,,-1.14389,1.49525
,,,,,,-0.422561,0.670253
,,,,,,0.127522,0.0440881
,,,,,,2.6741,-0.745818
,,,,,,2.57386,1.27638
,,,,,,0.596355,0.799256
,,,,,,1.03532,1.91044
,,,,,,-0.429728,-1.56855
,,,,,,1.02731,-1.24032
,,,,,,-0.708604,3.04702
,,,,,,0.456678,1.14132
,,,,,,0.0874045,1.49348
,,,,,,-0.491686,-0.599733
,,,,,,0.3904,0.295284
,,,,,,0.50584,0.649592
,,,,,,-0.048045,1.4678
,,,,,,2.1487,1.14964
,,,,,,-1.19394,-0.0228276
,,,,,,2.45579,1.61468
,,,,,,-1.18108,0.0381325
,,,,,,-3.12874,-0.453593
,,,,,,0.58895,1.25262
,,,,,,1.46241,3.35683
,,,,,,-1.0499,-0.925168
,,,,,,-0.54587,-1.51911
,,,,,,1.30741,2.75628
,,,,,,1.42488,1.86272
,,,,,,1.20933,-0.480946
,,,,,,-0.127447,-1.14798
,,,,,,1.28566,0.36508
,,,,,,0.382873,0.34101
,,,,,,1.55056,-1.16863
,,,,,,1.53865,3.25117
,,,,,,0.689251,1.61443
,,,,,,-2.80727,0.0451101
,,,,,,3.17796,0.639118
,,,,,,0.214,0.714532
,,,,,,2.32076,1.00291
,,,,,,2.79524,-3.49759
,,,,,,0.818635,1.6345
,,,,,,2.2014,2.75533
,,,,,,0.0187105,-0.151161
,,,,,,0.26586,2.95095
,,,,,,3.92426,1.45919
,,,,,,0.883904,0.371546
,,,,,,1.06359,0.493302
,,,,,,1.07268,1.2144
,,,,,,3.50628,-2.00091
,,,,,,2.27639,-0.304223
,,,,,,0.458975,2.62734
,,,,,,-0.0767315,1.82028
,,,,,,2.12042,-1.48483
,,,,,,2.06729,-0.286215
,,,,,,5.68312,4.5349
,,,,,,2.04393,1.56307
,,,,,,0.286866,0.651657
,,,,,,0.607279,-1.60691
,,,,,,2.10882,1.01488
,,,,,,1.96973,1.25336
,,,,,,-0.692134,-1.47898
,,,,,,0.340375,1.20851
,,,,,,0.595382,2.38498
,,,,,,1.59171,-0.180725
,,,,,,-2.43274,1.06058
,,,,,,1.27434,4.01865
,,,,,,-0.947801,0.177494
,,,,,,2.83172,3.68504
,,,,,,-1.88263,3.42354
,,,,,,1.19909,0.194641
,,,,,,2.84317,1.46658
,,,,,,4.87246,1.18201
,,,,,,0.953262,2.27024
,,,,,,0.226157,0.533197
,,,,,,-1.12141,1.21927
,,,,,,0.466396,2.62929
,,,,,,2.93789,0.150892
,,,,,,-2.64736,0.97356
,,,,,,0.158658,5.55753
,,,,,,0.888812,2.61657
,,,,,,0.209725,1.29782
,,,,,,1.66735,0.0766347
,,,,,,-0.398024,-0.493291
,,,,,,2.38904,0.522298
,,,,,,2.31316,1.05917
,,,,,,0.126411,0.986086
,,,,,,4.81235,0.361471
,,,,,,0.322297,-0.0384133
,,,,,,-0.521854,0.99303
,,,,,,1.16885,1.59586
,,,,,,0.102922,1.43772
,,,,,,0.422562,-0.470938
,,,,,,1.32278,1.6623
,,,,,,2.30989,-0.0873319
,,,,,,0.688643,-0.542579
,,,,,,1.29424,-0.0472768
,,,,,,2.14634,-0.429201
,,,,,,1.54578,-0.519526
,,,,,,1.55822,2.65214
,,,,,,4.5834,0.552545
,,,,,,0.741103,2.39636
,,,,,,1.17074,1.19971
,,,,,,4.04308,-0.241677
,,,,,,-0.350916,-3.52916
,,,,,,2.89927,0.756313
,,,,,,2.40076,1.57474
,,,,,,2.34077,2.74537
,,,,,,0.471826,1.10711
,,,,,,3.25658,1.53921
,,,,,,-2.14336,2.13683
,,,,,,1.18781,2.08261
,,,,,,3.30015,-1.33666
,,,,,,2.73712,0.643868
,,,,,,-1.88412,1.42215
,,,,,,3.0185,0.608124
,,,,,,1.84432,-0.0202772
,,,,,,-1.73556,-1.31756
,,,,,,0.880489,0.809365
,,,,,,2.39778,-1.08432
,,,,,,-0.851162,-0.663057
,,,,,,0.515176,6.02671
,,,,,,0.146743,-2.85355
,,,,,,0.915798,-0.360495
,,,,,,1.02167,3.0718
,,,,,,0.930287,2.20335
,,,,,,0.740518,-2.47409
,,,,,,0.918404,-1.56594
,,,,,,1.16651,1.19185
,,,,,,4.21646,1.84395
,,,,,,0.228217,4.03026
,,,,,,-1.8912,1.50262
,,,,,,1.94499,1.38662
,,,,,,-0.793308,1.28874
,,,,,,1.16242,1.76198
,,,,,,1.03926,1.16679
,,,,,,0.0862034,0.143102
,,,,,,1.17344,1.27974
,,,,,,1.94435,1.50117
,,,,,,0.869452,-1.38247
,,,,,,2.51116,-0.7225
,,,,,,1.73488,0.263365
,,,,,,4.77737,-1.62948
,,,,,,0.831968,-0.426747
,,,,,,2.10213,2.97994
,,,,,,2.15806,-3.98377
,,,,,,0.917336,0.197645
,,,,,,2.47087,0.917215
,,,,,,1.48065,1.91108
,,,,,,2.32922,-0.174674
,,,,,,-3.81506,2.23116
,,,,,,0.584124,1.886
,,,,,,0.114959,-1.06184
,,,,,,2.43572,1.27239
,,,,,,-0.312671,0.914758
,,,,,,1.93095,-0.57175
,,,,,,2.25513,0.71873
,,,,,,0.809635,-0.460461
,,,,,,0.828012,0.690021
,,,,,,-1.65308,1.13397
,,,,,,1.16532,1.82749
,,,,,,0.660995,0.911455
,,,,,,3.1388,-0.403474
,,,,,,2.3898,-0.460504
,,,,,,2.95906,2.11827
,,,,,,2.82096,1.69051
,,,,,,0.116157,2.34584
,,,,,,0.748491,1.3309
,,,,,,1.43396,0.553808
,,,,,,-1.23415,1.98091
,,,,,,-0.670802,2.31365
,,,,,,1.42832,2.04172
,,,,,,0.558586,0.55094
,,,,,,-0.74045,-3.93889
,,,,,,3.35146,1.4435
,,,,,,1.44073,0.617124
,,,,,,-1.74699,0.645195
,,,,,,-0.38236,0.495789
,,,,,,1.91589,-0.73814
,,,,,,-1.14486,2.7937
,,,,,,0.795768,0.679114
,,,,,,3.5298,-1.12312
,,,,,,-0.208203,0.162775
,,,,,,2.97115,0.863998
,,,,,,2.78017,1.26415
,,,,,,2.59596,1.9645
,,,,,,0.0770433,2.18745
,,,,,,0.0987785,0.924235
,,,,,,1.56892,0.131738
,,,,,,1.25694,2.32958
,,,,,,1.0066,3.73995
,,,,,,3.9509,3.63685
,,,,,,0.425296,0.781498
,,,,,,0.830362,3.5461
,,,,,,1.20692,-0.813384
,,,,,,2.75606,1.26612
,,,,,,0.623625,1.6502
,,,,,,2.26182,1.61692
,,,,,,1.31044,1.67058
,,,,,,2.09573,0.400883
,,,,,,0.260678,0.302649
,,,,,,1.0642,-1.89722
,,,,,,1.41221,-0.205147
,,,,,,-0.174764,3.85039
,,,,,,2.73472,1.1544
,,,,,,-0.0396562,2.3832
,,,,,,-1.36241,0.406421
,,,,,,-1.23151,-1.26622
,,,,,,0.0543744,3.46937
,,,,,,-1.03305,-0.759044
,,,,,,2.02789,1.97896
,,,,,,0.198228,3.88703
,,,,,,3.39049,-2.29196
,,,,,,1.13903,0.729011
,,,,,,0.693556,2.15111
,,,,,,5.02201,1.07455
,,,,,,1.06388,-0.276459
,,,,,,-0.0552238,0.826012
,,,,,,0.721005,2.83327
,,,,,,0.817347,-1.1224
,,,,,,-0.32022,0.354838
,,,,,,0.0269215,2.69585
,,,,,,-0.17119,0.776984
,,,,,,2.33452,-1.83037
,,,,,,0.940441,-0.859314
,,,,,,2.47514,0.276692
,,,,,,2.36698,0.64864
,,,,,,2.27718,-1.52633
,,,,,,-0.414016,2.22259
,,,,,,2.09285,1.31326
,,,,,,-0.243663,2.85465
,,,,,,0.611223,0.915303
,,,,,,-1.40563,0.0125394
,,,,,,1.60578,0.952898
,,,,,,1.18627,-0.247969
,,,,,,0.178212,4.64627
,,,,,,-0.619133,3.66697
,,,,,,0.878831,-0.827949
,,,,,,-1.3455,2.34751
,,,,,,1.55466,2.11321
,,,,,,2.21789,0.0959844
,,,,,,-1.35985,-1.59384
,,,,,,0.517986,-0.430942
,,,,,,3.22657,0.84983
,,,,,,1.7565,-0.254729
,,,,,,-0.187478,2.25208
,,,,,,-1.20908,5.74092
,,,,,,0.162734,0.201738
,,,,,,-2.35783,3.22975
,,,,,,1.61627,5.59839
,,,,,,1.32555,0.156376
,,,,,,-0.237862,-0.583735
,,,,,,1.43504,1.71371
,,,,,,1.2684,-0.215885
,,,,,,-0.506278,3.05997
,,,,,,2.12661,3.17913
,,,,,,1.69712,-0.116858
,,,,,,0.870657,-0.590116
,,,,,,4.28862,-2.27105
,,,,,,-0.00862781,-0.892684
,,,,,,2.04413,0.66993
,,,,,,-0.734453,1.48977
,,,,,,-1.09596,-0.129625
,,,,,,0.946632,-0.544756
,,,,,,-0.470696,0.641381
,,,,,,-0.0234023,1.72555
,,,,,,2.17781,-0.311411
,,,,,,0.638445,-0.986256
,,,,,,0.751823,-1.73239
,,,,,,0.960072,1.31239
,,,,,,2.16776,1.83216
,,,,,,0.247324,0.479364
,,,,,,2.85648,1.12126
,,,,,,2.44332,-1.19285
,,,,,,-1.55699,0.993755
,,,,,,4.20574,1.67595
,,,,,,3.42008,2.81604
,,,,,,-0.641101,2.50472
,,,,,,4.61838,-1.81458
,,,,,,-1.60672,0.29865
,,,,,,1.19195,1.72437
,,,,,,3.33834,5.14108
,,,,,,1.08915,1.63666
,,,,,,0.510236,1.33375
,,,,,,0.767081,2.36619
,,,,,,0.350387,3.10202
,,,,,,1.63698,0.939583
,,,,,,1.64796,3.08379
,,,,,,2.19172,-2.51707
,,,,,,0.0269228,0.686196
,,,,,,0.253378,0.487005
,,,,,,1.86092,0.164443
,,,,,,3.46512,-1.50526
,,,,,,-1.20717,2.84508
,,,,,,-0.106971,2.44033
,,,,,,0.190307,1.46025
,,,,,,2.5645,1.88842
,,,,,,5.58446,1.45117
,,,,,,4.26529,3.81471
,,,,,,1.6677,2.53214
,,,,,,0.858086,2.51902
,,,,,,0.552568,-0.398989
,,,,,,1.00449,2.45491
,,,,,,2.14598,0.386977
,,,,,,0.745136,-0.614346
,,,,,,-0.469006,-1.7447
,,,,,,0.310885,1.27637
,,,,,,-0.743695,1.53012
,,,,,,2.39333,1.5696
,,,,,,0.542697,1.32306
,,,,,,1.35144,0.80164
,,,,,,3.49127,0.903235
,,,,,,-0.907857,1.42323
,,,,,,2.06636,0.17036
,,,,,,0.206595,3.63049
,,,,,,3.91742,0.324685
,,,,,,3.63815,1.16862
,,,,,,-0.00887605,-1.14187
,,,,,,3.57107,1.55079
,,,,,,2.51731,3.41555
,,,,,,1.26089,-0.260174
,,,,,,0.927306,2.05433
,,,,,,3.08997,3.59477
,,,,,,1.41604,1.54695
,,,,,,0.482877,2.14315
,,,,,,0.865757,1.36424
,,,,,,3.13286,3.72924
,,,,,,2.07936,-0.342029
,,,,,,0.495431,-1.86642
,,,,,,2.6389,1.67648
,,,,,,-0.781253,-0.10341
,,,,,,-0.629948,1.20246
,,,,,,0.00956138,3.68764
,,,,,,0.65244,0.136838
,,,,,,-1.00725,2.62407
,,,,,,2.89374,-0.0275419
,,,,,,2.56179,-0.263821
,,,,,,0.947894,2.08562
,,,,,,2.54095,-0.0417754
,,,,,,1.86041,0.399463
,,,,,,0.796561,1.6742
,,,,,,0.60871,0.338895
,,,,,,-2.14002,2.16012
,,,,,,-0.20224,0.0636363
,,,,,,0.699619,-1.04541
,,,,,,-1.05242,1.4209
,,,,,,0.24932,2.93733
,,,,,,1.11699,1.96364
,,,,,,0.835543,1.44615
,,,,,,2.35994,-0.00174793
,,,,,,0.299628,-0.340432
,,,,,,-0.140292,2.53956
,,,,,,-1.29715,-1.01817
,,,,,,-4.81393,-0.19867
,,,,,,1.21422,0.782564
,,,,,,2.86875,-0.00690076
,,,,,,0.0523002,-0.100901
,,,,,,3.99883,-1.8966
,,,,,,1.60645,-0.505942
,,,,,,-0.614435,0.133578
,,,,,,0.538542,1.20774
,,,,,,0.526384,1.01737
,,,,,,1.83329,-0.463541
,,,,,,2.18133,2.63837
,,,,,,-0.87312,1.15404
,,,,,,-1.86019,1.46226
,,,,,,-0.30566,2.54114
,,,,,,3.0728,1.83948
,,,,,,0.899515,4.21504
,,,,,,0.76555,0.426344
,,,,,,0.70173,1.48476
,,,,,,3.29319,-0.638925
,,,,,,0.606521,-0.169881
,,,,,,1.87859,0.0391656
,,,,,,-0.517785,-1.50732
,,,,,,-0.0946561,1.44075
,,,,,,1.09196,2.36763
,,,,,,0.23748,1.49698
,,,,,,-1.66851,1.17149
,,,,,,-2.23991,1.98551
,,,,,,3.0436,1.05438
,,,,,,1.75671,2.91254
,,,,,,4.04064,3.63313
,,,,,,1.45309,0.393194
,,,,,,2.15409,1.85042
,,,,,,2.62604,-1.33945
,,,,,,-0.867428,1.29886
,,,,,,1.24893,2.15704
,,,,,,1.54509,3.61248
,,,,,,2.00893,2.27345
,,,,,,3.34735,0.937472
,,,,,,0.928633,-0.113825
,,,,,,1.20428,0.188781
,,,,,,2.9973,0.806424
,,,,,,0.507511,1.69331
,,,,,,0.231446,1.25125
,,,,,,0.0251494,3.07443
,,,,,,-1.0486,2.63369
,,,,,,0.0313223,-1.50254
,,,,,,1.4534,1.68976
,,,,,,1.69238,1.20427
,,,,,,2.96483,-1.29023
,,,,,,3.7852,0.148102
,,,,,,0.697052,1.42132
,,,,,,0.15464,-0.889152
,,,,,,2.53338,3.00908
,,,,,,2.89767,1.10496
,,,,,,-2.49399,1.73841
,,,,,,1.11896,1.0444
,,,,,,-1.58502,-0.847362
,,,,,,0.903797,3.65801
,,,,,,0.086981,0.671151
,,,,,,1.83603,2.99919
,,,,,,1.57836,-0.737972
,,,,,,1.47398,0.945336
,,,,,,-0.912354,-0.967521
,,,,,,-0.0117057,0.0566005
,,,,,,1.48472,-2.0617
,,,,,,1.11415,0.279825
,,,,,,0.758966,1.04483
,,,,,,-1.19197,3.62306
,,,,,,2.35049,0.199496
,,,,,,1.47768,-1.04763
,,,,,,2.49603,0.873315
,,,,,,-1.87177,0.958251
,,,,,,1.39494,0.444855
,,,,,,1.59204,-0.774344
,,,,,,-0.696715,-1.88195
,,,,,,1.29476,-1.24856
,,,,,,1.31299,3.81472
,,,,,,1.23722,-0.311399
,,,,,,2.4008,0.347587
,,,,,,1.82939,2.08924
,,,,,,0.814998,0.863055
,,,,,,-0.435793,3.55807
,,,,,,2.17986,2.8762
,,,,,,-0.0784749,3.905
,,,,,,-1.05984,0.185516
,,,,,,-0.00213789,1.18082
,,,,,,1.2694,-4.01726
,,,,,,0.468458,2.03924
,,,,,,2.73108,1.27699
,,,,,,3.66683,-2.09525
,,,,,,1.12786,0.920772
,,,,,,3.60676,1.98062
,,,,,,-1.03679,-1.74097
,,,,,,1.25053,1.08283
,,,,,,-0.319225,0.509395
,,,,,,1.02325,-0.734754
,,,,,,0.694115,1.8409
,,,,,,-0.590804,4.01701
,,,,,,4.38834,0.723148
,,,,,,0.648703,1.92014
,,,,,,3.07877,-0.151081
,,,,,,3.96449,-0.256155
,,,,,,0.884075,3.11512
,,,,,,1.1073,1.86321
,,,,,,3.11118,1.54765
,,,,,,1.00851,2.49345
,,,,,,2.2033,-0.753492
,,,,,,-0.148221,2.4428
,,,,,,3.26553,-0.0188072
,,,,,,-0.105089,-1.61898
,,,,,,-2.10445,2.57189
,,,,,,0.927655,3.33894
,,,,,,1.51906,0.1433
,,,,,,0.824831,3.38503
,,,,,,1.66239,-0.215879
,,,,,,0.738262,1.47496
,,,,,,-1.5536,1.07869
,,,,,,5.73308,1.6617
,,,,,,-0.7848,-0.520281
,,,,,,1.81308,0.757207
,,,,,,1.53622,2.76891
,,,,,,1.5408,-0.842915
,,,,,,1.60385,1.67651
,,,,,,1.16178,0.950925
,,,,,,2.10423,1.5321
,,,,,,1.05914,0.489011
,,,,,,1.08369,1.69221
,,,,,,-0.849825,1.06154
,,,,,,1.49299,1.41665
,,,,,,-0.0408858,2.56179
,,,,,,-0.995753,1.65199
,,,,,,1.2399,2.55559
,,,,,,1.37927,1.11486
,,,,,,0.594139,-2.43439
,,,,,,-0.0788734,1.13563
,,,,,,5.04126,-1.75868
,,,,,,1.53424,0.156433
,,,,,,0.814075,0.67635
,,,,,,2.44309,3.22309
,,,,,,2.00647,0.896812
,,,,,,2.76144,1.08046
,,,,,,1.7248,1.15142
,,,,,,4.10318,1.43703
,,,,,,0.807548,4.87697
,,,,,,1.15032,0.452167
,,,,,,0.335653,0.142549
,,,,,,1.839,-1.49323
,,,,,,1.82196,1.07561
,,,,,,1.58597,2.2079
,,,,,,-0.884635,2.73384
,,,,,,1.11448,-0.07649
,,,,,,0.219303,-1.48355
,,,,,,0.256719,0.20117
,,,,,,1.10157,0.957255
,,,,,,1.40414,1.5802
,,,,,,0.675951,3.76464
,,,,,,1.35089,-0.167604
,,,,,,0.398663,2.21937
,,,,,,0.606905,2.03645
,,,,,,-2.31606,3.25702
,,,,,,1.2478,0.552569
,,,,,,1.92225,0.508661
,,,,,,-1.36164,1.3291
,,,,,,1.21432,1.40974
,,,,,,4.9383,0.441739
,,,,,,1.47656,-2.41969
,,,,,,1.96183,0.321859
,,,,,,2.11333,2.68265
,,,,,,-3.13625,1.19966
,,,,,,-0.801139,1.80707
,,,,,,0.814581,1.89026
,,,,,,1.77592,-0.382033
,,,,,,0.898161,2.59319
,,,,,,0.20423,-0.251967
,,,,,,4.10953,2.79116
,,,,,,1.04614,0.904639
,,,,,,-0.908493,1.8012
,,,,,,2.90452,3.21559
,,,,,,2.4952,1.1269
,,,,,,0.0315481,1.55118
,,,,,,0.330339,0.949848
,,,,,,4.13359,0.845513
,,,,,,0.559702,-0.518902
,,,,,,-0.505057,2.7646
,,,,,,2.15936,-1.7586
,,,,,,3.10713,1.86985
,,,,,,0.995177,0.949239
,,,,,,-1.06551,0.867248
,,,,,,4.11879,-0.734801
,,,,,,-1.97309,1.62464
,,,,,,-0.299594,-0.256533
,,,,,,1.8002,2.28048
,,,,,,-1.31106,1.59852
,,,,,,1.84735,2.5714
,,,,,,-4.61455,-3.34284
,,,,,,-0.367377,2.73111
,,,,,,0.276756,0.786069
,,,,,,-1.06097,-2.19511
,,,,,,1.9027,1.48341
,,,,,,3.53505,2.28047
,,,,,,1.34436,-0.111444
,,,,,,1.71782,-0.366814
,,,,,,1.87352,-1.28709
,,,,,,0.38919,2.58738
,,,,,,0.549442,-1.69561
,,,,,,-0.296437,0.287285
,,,,,,2.03095,0.55102
,,,,,,2.11627,-0.227566
,,,,,,0.5168,2.11858
,,,,,,-0.578817,2.05217
,,,,,,1.7502,-0.311187
,,,,,,3.00409,0.790709
,,,,,,2.50441,1.09147
,,,,,,0.0529815,-0.324095
,,,,,,2.11869,0.158969
,,,,,,1.35703,-1.75379
,,,,,,-4.95727,0.0207557
,,,,,,-0.0258835,1.05768
,,,,,,2.27361,-1.18469
,,,,,,-0.792924,0.832543
,,,,,,0.603348,2.08824
,,,,,,-2.92542,-3.99484
,,,,,,2.61955,0.913584
,,,,,,5.00051,1.37867
,,,,,,0.418042,1.17883
,,,,,,1.5638,-0.243703
,,,,,,1.04703,0.604072
,,,,,,4.22065,1.97152
,,,,,,3.99714,-1.50247
,,,,,,1.81111,-0.999438
,,,,,,0.947656,1.2409
,,,,,,-1.77803,2.05105
,,,,,,1.84932,3.7564
,,,,,,1.79714,2.87707
,,,,,,0.836493,2.04841
,,,,,,1.42076,1.76304
,,,,,,-0.517428,1.40824
,,,,,,3.35204,-1.18637
,,,,,,-0.3995,0.388494
,,,,,,2.2904,3.52037
,,,,,,1.73279,-1.03031
,,,,,,2.76689,1.58177
,,,,,,2.51864,1.36857
,,,,,,-0.473427,4.08957
,,,,,,1.73193,0.676367
,,,,,,1.71304,-0.231112
,,,,,,2.34574,0.931344
,,,,,,1.46279,1.46487
,,,,,,0.829166,-0.777383
,,,,,,-0.0451073,1.11474
,,,,,,-0.242427,0.842684
,,,,,,0.250202,0.150157
,,,,,,1.94095,-0.506185
,,,,,,-2.53091,1.14193
,,,,,,4.84726,-0.599641
,,,,,,-1.53044,-0.997361
,,,,,,0.568449,2.04943
,,,,,,1.24571,0.494943
,,,,,,-0.493686,4.17928
,,,,,,0.565064,-0.455374
,,,,,,-0.473427,0.0421955
,,,,,,1.14504,2.16753
,,,,,,-0.116661,0.541671
,,,,,,0.616713,1.19412
,,,,,,-1.37195,-0.202081
,,,,,,-1.06871,1.53908
,,,,,,3.49225,1.99089
,,,,,,0.51722,1.81767
,,,,,,0.506412,0.781718
,,,,,,2.2272,0.874465
,,,,,,0.737994,2.26216
,,,,,,-1.26117,1.51667
,,,,,,2.42253,-1.73651
,,,,,,-1.68952,1.70217
,,,,,,2.59965,1.82974
,,,,,,1.11921,0.994231
,,,,,,0.150985,1.46507
,,,,,,1.56596,0.513427
,,,,,,-0.187557,1.65535
,,,,,,0.456589,1.91998
,,,,,,1.49621,2.52735
,,,,,,-0.0357495,-0.00218325
,,,,,,-1.07225,1.95495
,,,,,,1.91014,2.731
,,,,,,2.61983,-0.823976
,,,,,,2.25812,-1.53883
,,,,,,3.11451,2.71983
,,,,,,3.07753,0.860323
,,,,,,1.75361,0.18566
,,,,,,-0.148998,0.326645
,,,,,,-0.782426,2.23378
,,,,,,-0.517997,1.11841
,,,,,,1.61824,3.73596
,,,,,,0.438823,-0.934724
,,,,,,1.57901,-0.548979
,,,,,,1.23104,-0.888504
,,,,,,2.74817,2.72716
,,,,,,1.5054,-0.381565
,,,,,,1.15023,1.90548
,,,,,,-0.732234,-2.28022
,,,,,,1.29767,0.0738641
,,,,,,0.671105,4.75249
,,,,,,3.06003,3.68972
,,,,,,1.62069,0.982274
,,,,,,-0.515902,2.82914
,,,,,,3.45787,2.68997
,,,,,,2.42028,-0.254113
,,,,,,2.63135,1.4008
,,,,,,3.22276,-0.647831
,,,,,,2.97411,1.80716
,,,,,,-0.182316,0.344157
,,,,,,1.02182,0.745754
,,,,,,0.105858,1.65857
,,,,,,0.991263,0.391892
,,,,,,0.0156864,4.13178
,,,,,,1.88063,-2.15176
,,,,,,-1.13676,0.270913
,,,,,,0.541458,-0.0477245
,,,,,,-1.88679,-2.26319
,,,,,,-0.418857,1.43653
,,,,,,-0.130892,1.21248
,,,,,,1.01827,2.8826
,,,,,,1.375,2.07751
,,,,,,-1.18553,0.582022
,,,,,,2.96953,-0.268671
,,,,,,-0.332413,-0.413113
,,,,,,0.671816,2.32346
,,,,,,0.625516,2.49265
,,,,,,1.95946,-0.0821899
,,,,,,-0.443575,0.889809
,,,,,,-0.0410569,2.10695
,,,,,,-0.159972,0.924177
,,,,,,2.72775,-0.680034
,,,,,,0.959106,3.02656
,,,,,,3.08218,0.215492
,,,,,,-1.16377,1.18604
,,,,,,-1.15954,2.54181
,,,,,,2.39338,1.72372
,,,,,,1.63521,1.6248
,,,,,,4.73324,3.25704
,,,,,,-0.796288,0.78815
,,,,,,-0.993795,0.510578
,,,,,,1.70575,0.685736
,,,,,,0.058445,2.40084
,,,,,,1.0422,1.75266
,,,,,,0.490853,0.216516
,,,,,,-0.866874,2.63707
,,,,,,1.15588,-0.613268
,,,,,,-0.26477,2.22714
,,,,,,-0.842876,3.23034
,,,,,,0.546581,2.53857
,,,,,,-1.99219,1.48574
,,,,,,-3.57773,3.46293
,,,,,,1.26566,-1.6537
,,,,,,5.04782,2.09606
,,,,,,2.57058,2.35111
,,,,,,3.5141,0.565289
,,,,,,0.639416,1.17585
,,,,,,0.0315484,-0.66582
,,,,,,-2.01366,-0.0333823
,,,,,,3.76263,1.16214
,,,,,,0.907973,1.9266
,,,,,,0.844096,0.308192
,,,,,,1.06195,2.46125
,,,,,,-0.38429,1.23148
,,,,,,2.1361,0.212344
,,,,,,1.32451,-1.63353
,,,,,,-1.31809,-0.312673
,,,,,,1.54215,0.0805654
,,,,,,0.61952,-0.982033
,,,,,,0.172502,1.27804
,,,,,,1.67207,-2.57902
,,,,,,4.60215,3.60991
,,,,,,-0.173009,0.763611
,,,,,,1.70204,2.14444
,,,,,,0.266062,-0.608893
,,,,,,3.60065,-0.213962
,,,,,,3.63955,0.689854
,,,,,,-0.389368,1.76201
,,,,,,1.15085,-2.91043
,,,,,,2.10225,-1.0262
,,,,,,3.89914,-1.49815
,,,,,,0.0998396,2.84255
,,,,,,2.37734,3.71075
,,,,,,1.84763,4.17618
,,,,,,1.27864,-1.4554
,,,,,,0.119818,1.93011
,,,,,,0.226625,2.77152
,,,,,,-0.447548,0.269888
,,,,,,1.66099,1.44718
,,,,,,4.86007,0.787881
,,,,,,-0.147702,0.422298
,,,,,,-0.09871,1.06245
,,,,,,1.0594,1.36852
,,,,,,1.44696,-1.41745
,,,,,,1.06789,0.0651843
,,,,,,0.974119,3.52975
,,,,,,3.61776,-0.851548
,,,,,,2.0567,1.06626
,,,,,,1.41909,-0.480076
,,,,,,-0.4567,-0.0942209
,,,,,,0.455326,1.05875
,,,,,,5.17689,2.46807
,,,,,,-0.0670201,-0.219897
,,,,,,-0.477746,0.701122
,,,,,,1.43831,1.59797
,,,,,,-0.621076,-0.416118
,,,,,,-0.68213,0.600088
,,,,,,1.27411,-0.0666627
,,,,,,-2.27721,-0.942685
,,,,,,-0.624217,0.409445
,,,,,,1.7138,1.67098
,,,,,,0.67393,1.50622
,,,,,,-0.327213,1.8744
,,,,,,1.0351,1.62674
,,,,,,-0.164242,1.35183
,,,,,,1.71796,0.292638
,,,,,,-2.55379,2.85694
,,,,,,2.61624,-0.618434
,,,,,,0.409029,1.44515
,,,,,,1.99971,-3.20005
,,,,,,1.25986,1.00315
,,,,,,0.611636,1.43125
,,,,,,3.50607,3.06129
,,,,,,2.09935,1.03352
,,,,,,-0.023743,-3.07023
,,,,,,-2.13762,3.54128
,,,,,,-0.110654,0.523579
,,,,,,-1.24409,2.81301
,,,,,,0.529159,-0.101369
,,,,,,-1.39222,-0.87638
,,,,,,1.42174,1.48993
,,,,,,0.631998,0.610825
,,,,,,0.705238,3.62761
,,,,,,1.27258,3.06077
,,,,,,3.59498,-0.266814
,,,,,,0.0737006,-0.40151
,,,,,,2.62166,1.96749
,,,,,,1.84146,-1.10571
,,,,,,0.414956,0.494056
,,,,,,2.16055,3.15729
,,,,,,-0.482285,1.04106
,,,,,,0.945005,1.90899
,,,,,,0.777843,1.62359
,,,,,,2.36257,1.08741
,,,,,,1.28329,0.621857
,,,,,,0.0506177,0.947017
,,,,,,3.673,-0.173575
,,,,,,1.86372,1.47939
,,,,,,3.80041,1.91806
,,,,,,0.124677,-0.626183
,,,,,,1.7479,-0.42668
,,,,,,0.752048,-0.508041
,,,,,,-0.422999,1.44671
,,,,,,2.49309,1.42736
,,,,,,1.37111,3.03685
,,,,,,1.28139,0.97411
,,,,,,1.71518,1.17114
,,,,,,2.24078,1.33529
,,,,,,-0.550246,2.85129
,,,,,,0.119925,0.763068
,,,,,,2.43245,0.945235
,,,,,,1.36397,-3.94451
,,,,,,2.65786,-0.989258
,,,,,,2.27338,-0.796315
,,,,,,0.690209,-2.38445
,,,,,,2.27377,-0.0652554
,,,,,,1.75427,-1.31853
,,,,,,1.24566,1.4466
,,,,,,-1.24473,3.13883
,,,,,,1.4005,1.52724
,,,,,,2.42025,-0.648966
,,,,,,-0.140223,1.65325
,,,,,,1.43023,1.27728
,,,,,,1.50913,1.33509
,,,,,,-1.13376,2.68918
,,,,,,-0.150335,-0.00607078
,,,,,,1.91586,-0.309472
,,,,,,0.133483,0.898807
,,,,,,0.402426,-0.364888
,,,,,,1.01756,-0.362683
,,,,,,1.7245,0.835389
,,,,,,5.52894,0.242585
,,,,,,-2.11982,1.02614
,,,,,,0.591825,1.5171
,,,,,,1.38643,-2.20334
,,,,,,3.15081,1.82719
,,,,,,-2.68784,0.747889
,,,,,,4.2976,1.033
,,,,,,2.21534,0.31791
,,,,,,1.27915,3.00391
,,,,,,0.394094,-1.03168
,,,,,,0.91762,1.51014
,,,,,,1.16903,-3.17374
,,,,,,1.07371,3.26633
,,,,,,0.104064,3.34291
,,,,,,-0.302476,1.20431
,,,,,,2.44241,-1.79088
,,,,,,0.939563,0.63056
,,,,,,0.378663,1.43855
,,,,,,2.94724,0.0888555
,,,,,,2.47246,0.869885
,,,,,,1.9203,3.86304
,,,,,,1.12164,3.04281
,,,,,,-0.713151,1.79328
,,,,,,-0.169857,-0.689897
,,,,,,-1.2569,0.187566
,,,,,,0.835814,0.693487
,,,,,,2.17777,1.06951
,,,,,,1.35826,-1.85219
,,,,,,0.812947,-0.291007
,,,,,,2.79539,1.63042
,,,,,,2.46479,2.09589
,,,,,,1.82195,-0.846528
,,,,,,-2.35541,1.0143
,,,,,,-2.66617,1.19669
,,,,,,1.89333,0.914198
,,,,,,0.0706431,1.66106
,,,,,,-2.24486,0.504799
,,,,,,1.12202,1.00655
,,,,,,0.380707,0.246251
,,,,,,0.123501,-0.573597
,,,,,,-0.999068,4.67483
,,,,,,2.61604,-1.1993
,,,,,,0.0216101,-0.832845
,,,,,,0.860949,1.16713
,,,,,,0.763342,-1.72228
,,,,,,-0.225762,0.127342
,,,,,,1.10146,0.50869
,,,,,,-1.87316,-0.440634
,,,,,,0.77433,1.38497
,,,,,,0.66289,2.74644
,,,,,,-1.07637,2.30095
,,,,,,0.66306,1.07417
,,,,,,1.36148,-0.811276
,,,,,,2.77137,-0.179722
,,,,,,2.12578,2.2227
,,,,,,0.508396,-1.31019
,,,,,,-0.580187,2.85425
,,,,,,-0.526229,0.394149
,,,,,,2.09216,0.228343
,,,,,,-4.23533,-0.997883
,,,,,,1.76383,0.744501
,,,,,,-2.55902,1.49598
,,,,,,-1.48035,1.18295
,,,,,,0.207595,-0.220366
,,,,,,-0.0137252,2.02629
,,,,,,2.83919,-0.0821971
,,,,,,1.4249,0.302584
,,,,,,0.75912,-1.33199
,,,,,,-2.91416,-1.68534
,,,,,,1.74321,3.15238
,,,,,,1.19153,3.90042
,,,,,,1.93401,1.88592
,,,,,,1.74581,4.49729
,,,,,,-1.27329,-0.982962
,,,,,,0.767887,-0.60039
,,,,,,1.68976,2.29791
,,,,,,2.42048,1.12828
,,,,,,0.646507,-0.123597
,,,,,,2.01839,4.69745
,,,,,,0.101425,1.11074
